latb_in,lonb_in
51.5290194529341,-0.10709490691759
51.5290435568635,-0.107133031034665
51.5290652080217,-0.107174785421317
51.5291553741465,-0.107309887476415
51.5292432368455,-0.107448856014206
51.529283474713,-0.107504956992065
51.5292253296771,-0.109140515406375
51.5292179279947,-0.109196618350701
51.5292119688019,-0.109261694725395
51.5292022774447,-0.1093256010741
51.5290989883771,-0.110257676271512
51.5290946234405,-0.110319251454675
51.5290866502228,-0.110379885441795
51.528966731046,-0.111695390592715
51.5289262334002,-0.111703591585015
51.5288457548902,-0.111736758640425
51.5287641970785,-0.111762211753098
51.5286938466266,-0.111799363549365
51.5286221174304,-0.111828924810164
51.5285448596092,-0.111878043005855
51.5284659294583,-0.111919725707313
51.5283990305285,-0.111970756742915
51.5283301718058,-0.112014535044779
51.5282963049393,-0.112044437366585
51.5282893092627,-0.112048973014567
51.5282485066332,-0.112085577567105
51.5281822952238,-0.11213608415662
51.5281199027814,-0.112200189423145
51.5280608661308,-0.112252315087835
51.5280312492809,-0.112278410221546
51.5280235100713,-0.112287424815065
51.5280151643761,-0.11229491184326
51.5279326111218,-0.112392622693505
51.5279177671426,-0.112407874176025
51.5279028100743,-0.112427895508825
51.527896428225,-0.112435449128945
51.5277770286646,-0.112574525153642
51.5277700533633,-0.112585027668135
51.5277623572385,-0.112594136877773
51.5276555152205,-0.112757484519765
51.5275479009774,-0.112919516250811
51.5275417995747,-0.112931341050515
51.5275348743828,-0.11294192877431
51.5274416112532,-0.113125510637825
51.5273474792956,-0.113307942712482
51.5273423479999,-0.113320903319895
51.5273363029451,-0.11333280258185
51.5272580893125,-0.113533723593155
51.5271789239911,-0.113733679062054
51.5271748437123,-0.113747571098025
51.5271697741191,-0.113760594247182
51.5271078433316,-0.113975685828295
51.5270448929151,-0.11419001173419
51.527041927984,-0.114204616169925
51.5270379138018,-0.114218557810729
51.5269754500499,-0.114476938709154
51.5269651996832,-0.114528766508725
51.5269640935272,-0.114532572337024
51.526957382223,-0.114566088601325
51.526938972179,-0.114637910586956
51.5269243495458,-0.114706982347769
51.5268983278741,-0.114861006117795
51.5268679060318,-0.115012932848993
51.5268634667396,-0.115050909110055
51.5268559676144,-0.115085202329802
51.5268541483544,-0.115095559457045
51.5268515688728,-0.115105490774294
51.526834838573,-0.115183325232696
51.5268329962536,-0.115194032179855
51.5268303688595,-0.115204307068503
51.5268153317918,-0.115275535017339
51.5268141002227,-0.115282849337045
51.5268123244796,-0.115289868702929
51.5267991758265,-0.115352930455385
51.5267842426581,-0.115423443566125
51.5267711649956,-0.115484838665236
51.526769698433,-0.115493455240615
51.526767594391,-0.115501723555382
51.5267533976549,-0.115569349932001
51.5267531439098,-0.115570867191175
51.526752774568,-0.115572321839237
51.5267381627961,-0.115642104732041
51.5267373100723,-0.115647219459765
51.526736073294,-0.115652127340987
51.5267164117488,-0.115746849972655
51.5266983017734,-0.115832924452885
51.5266956711453,-0.115844366587938
51.5266939347173,-0.115853680532505
51.526687142596,-0.115885962647594
51.526680220072,-0.115927243875315
51.5266764826303,-0.115947290963415
51.5266743818331,-0.115956171401275
51.5266609018955,-0.116009260906998
51.5266538053898,-0.116043151633455
51.5266527241995,-0.116047722014059
51.5266512801795,-0.116055211260175
51.5266470740912,-0.116075298242625
51.5266328262864,-0.116142901054669
51.5266302346976,-0.116158323814785
51.5266265340959,-0.116173150623257
51.5266123598631,-0.1162422028767
51.5266065389668,-0.116277968698435
51.5265983688612,-0.116312527106743
51.5265640021139,-0.116490898681385
51.5265580721338,-0.116519787192665
51.5265471541628,-0.116572500862135
51.5265352098451,-0.116628914497956
51.5265296215419,-0.116661987250385
51.5265218354577,-0.116693891339571
51.5265118058079,-0.116744046627835
51.5265019273537,-0.116791336157196
51.5264981340021,-0.116814154460525
51.5264927514583,-0.116836131798379
51.5264794579202,-0.116902334474235
51.5264659506339,-0.116969090545235
51.5264520288131,-0.117037771298555
51.5264372296003,-0.117110492377605
51.5264254884334,-0.117167896324715
51.5264204549932,-0.117182346202402
51.526399728856,-0.117264616190185
51.5263949164769,-0.117279028800768
51.5263843759956,-0.117323112942175
51.5263522715467,-0.117432003158809
51.5263297487071,-0.117542394242035
51.526302620518,-0.117650076429349
51.5262960277979,-0.11768184826131
51.5262903051899,-0.117716551401505
51.5262822925018,-0.117750063388808
51.5262670126739,-0.117849882052235
51.5262544410623,-0.117911499230424
51.5262477707186,-0.117966879568115
51.5262422932238,-0.118001101390405
51.5262320373941,-0.11804573156124
51.5261592769419,-0.118436228565516
51.5261337345556,-0.118613032592815
51.5261043254484,-0.118788277561361
51.5260982570752,-0.118858607196975
51.5260882653292,-0.118927769917294
51.5260767102419,-0.119108325014815
51.526061197363,-0.119288112097053
51.5260606606395,-0.119359109579305
51.5260561404874,-0.119429739639025
51.5260587549075,-0.119611198744885
51.5260573828548,-0.119792693100167
51.5260623862434,-0.119863238947985
51.5260634089597,-0.119934222641336
51.5260801516627,-0.120113724504775
51.5260929420711,-0.120294064327822
51.5261034066778,-0.120363046168065
51.5261099561368,-0.120433264225868
51.5261405631211,-0.120607978434125
51.5261673143129,-0.120784320124215
51.5261830751291,-0.120850650228585
51.5261950480604,-0.120918995452863
51.5262390367061,-0.121086167043155
51.5262793268718,-0.121255730017878
51.526300135374,-0.121318362449605
51.5263173429915,-0.121383757160878
51.5263740196652,-0.121540750047435
51.5264272135127,-0.12170086056325
51.5264527415789,-0.121758807665735
51.5264749125563,-0.1218202206866
51.526543383544,-0.121964559217585
51.5266086423114,-0.122112692509612
51.5266384873937,-0.122165040478935
51.5266652721402,-0.122221503385292
51.5267444577357,-0.122350911375735
51.5268207524092,-0.122484731453381
51.5268544438801,-0.122530654747435
51.5268854200492,-0.122581277133633
51.5269740715764,-0.122693713757305
51.5270601991064,-0.122811110231566
51.5270972056762,-0.122849884585615
51.5271318848239,-0.122893868106346
51.52722860436,-0.122987560115295
51.5272340260254,-0.122993240770755
51.52693617296,-0.123731235944918
51.5268849532552,-0.123877505306225
51.5268299475581,-0.124020178825509
51.5268080255965,-0.124097189499085
51.5267821820972,-0.124170991410779
51.5267481387665,-0.124305255429365
51.5266925384456,-0.124444269899055
51.5262823104162,-0.125460427049243
51.526281059657,-0.125463997852885
51.526279544506,-0.125467293518158
51.5261623582106,-0.125758860944915
51.5255570583314,-0.127246211948535
51.5255351898771,-0.127308110161995
51.5255099390467,-0.127366588053348
51.5253804882443,-0.127710656386586
51.5253570901537,-0.127782707548445
51.5253299605389,-0.127851295404567
51.5251067812931,-0.128502528860855
51.5249729010688,-0.128884643402327
51.5249706690143,-0.128892069247475
51.5249678931868,-0.12889900527999
51.5247695178646,-0.129470652771145
51.5243773962038,-0.130566868006013
51.5243630072198,-0.130613668984285
51.5243457911792,-0.130657935577555
51.5243020322698,-0.130810081391345
51.5242565547865,-0.130823130114245
51.5242045692536,-0.130830900484142
51.52410215692,-0.130867431047995
51.5239988863668,-0.130897062169458
51.5239490438232,-0.130922046615875
51.5238980741132,-0.130940227553494
51.5237993179799,-0.130997099312675
51.5236991723009,-0.131047299085265
51.5236516710676,-0.131082126331885
51.5236025209657,-0.131110430930981
51.5235089783999,-0.131186746620465
51.5234135368652,-0.131256723032465
51.5233691260176,-0.131300843672385
51.5233225706038,-0.13133882540261
51.5232357167195,-0.131433381192215
51.5231464843956,-0.131522030417454
51.5231058642565,-0.131574748527435
51.5230626376852,-0.131621808283174
51.5229838420867,-0.131733112784985
51.5229022261069,-0.131839036602613
51.5228660372072,-0.131899520727565
51.5228268211314,-0.131954916280987
51.522757326324,-0.132081214084005
51.5226846137025,-0.132202741937071
51.5226534266883,-0.132270038202025
51.5226188395088,-0.132332895916972
51.5225597412935,-0.132472195327955
51.5224970786577,-0.132607410623476
51.5224227710075,-0.132790752486588
51.5224198664973,-0.132799010050755
51.522416363318,-0.13280664410135
51.52213535452,-0.133507169719035
51.5221129848077,-0.133553218444582
51.5220428586091,-0.133717938039165
51.5219700634064,-0.133879638888622
51.5216041030509,-0.134810473185585
51.5214963625113,-0.135062256420054
51.5214889936838,-0.135082030781065
51.5214802707397,-0.135100326852649
51.5214083658343,-0.135298396847185
51.5213350541749,-0.135495129805464
51.5213292854738,-0.135516232424525
51.5213220580644,-0.135536141121172
51.5212661659092,-0.135747131565655
51.5212087737241,-0.135957079247041
51.5212046961189,-0.135979177338965
51.5211990781992,-0.136000384740672
51.521160080054,-0.136220968747675
51.521119512377,-0.136440820404011
51.5211171901621,-0.136463565522105
51.5211132703183,-0.136485737213708
51.5210917811031,-0.136712436562575
51.5210686776177,-0.13693872548002
51.521068147409,-0.136961758979185
51.5210659874505,-0.136984545348463
51.5210623460056,-0.137213785431015
51.5210570710114,-0.137442943447345
51.521058341169,-0.137465902136915
51.5210579751543,-0.137488943884638
51.5210722388977,-0.137717110040105
51.5210848755713,-0.137945523784851
51.5210879260673,-0.137968045650775
51.5210893597677,-0.137990979455282
51.5211213037872,-0.138214473940755
51.5211516528742,-0.138438541780952
51.5211564356078,-0.138460271692285
51.5211596464172,-0.138482735934514
51.521208767012,-0.138698034624915
51.5212563499705,-0.138914223430603
51.5212627895256,-0.138934818737485
51.521267726817,-0.138956459199468
51.5213332494352,-0.139160167140565
51.5213973159789,-0.139365067961667
51.5214053108124,-0.139384203895975
51.5214118967361,-0.1394046793439
51.5214927881815,-0.139593584265385
51.521572328106,-0.139783966063016
51.521581752149,-0.139801340860725
51.5215898828591,-0.139820328420713
51.5216848675784,-0.139991451383385
51.5216998109773,-0.140019002036185
51.5216893591604,-0.140068230976368
51.5216793731776,-0.140127134915695
51.5216659448455,-0.140184244505795
51.5216399824001,-0.140358021568215
51.5216279719037,-0.140405219573331
51.521600812113,-0.140534597362825
51.5215690545273,-0.140661242309676
51.5214651083396,-0.141164890967525
51.5214309753293,-0.141373240548985
51.5213944667667,-0.141580547601892
51.5213910266574,-0.141617089216025
51.5213882520272,-0.141634025696265
51.5213517322431,-0.141728364626505
51.5212714661036,-0.141933416643044
51.5212688214116,-0.141942542211245
51.5212655125095,-0.141951089859992
51.5212025537736,-0.142171200162165
51.521138910642,-0.142390802195241
51.5211369984227,-0.142400388500755
51.5211343821752,-0.142409535174614
51.5211061299793,-0.142527277562242
51.5210862702022,-0.142628577767865
51.5210618771513,-0.142727287525841
51.5210391422639,-0.142868966661685
51.5210117833134,-0.143008518445161
51.5209999796692,-0.143113019885295
51.5209945450945,-0.143146887035175
51.5209210948545,-0.14330512421372
51.5208930073303,-0.143374308446805
51.5208613838405,-0.143439432414625
51.5208073041907,-0.143585409501225
51.5207495394816,-0.143727693565316
51.5207270685596,-0.143801989373945
51.5207007729419,-0.143872969080423
51.520635244921,-0.144078153944789
51.5205953653052,-0.144225066172175
51.5205513355906,-0.14436888490772
51.5205326542041,-0.144456087142105
51.5205097077881,-0.14454061927751
51.520481599181,-0.144694405219395
51.5204491319869,-0.144845957775869
51.5203725044604,-0.145293090340452
51.5203512143774,-0.145456885619445
51.5203256273078,-0.145619085198018
51.5203191445577,-0.145703614815305
51.5203083081673,-0.14578698459761
51.520299959145,-0.145953776485495
51.5202872225909,-0.146119850455372
51.5202799628146,-0.14631470032779
51.5202803819816,-0.146537721806965
51.5202787764358,-0.146760729377902
51.5202850055161,-0.14695586297852
51.5202877599559,-0.146994496246135
51.5202879476327,-0.147033381178138
51.520305620479,-0.147245004671185
51.5203207449376,-0.147457137557201
51.5203264904015,-0.147494911552725
51.5203297089494,-0.147533452053408
51.5203570194764,-0.147754232592114
51.520362666117,-0.147788473983195
51.5203659821745,-0.147823494335197
51.5204028610135,-0.148032216991555
51.5204374475521,-0.148241950756837
51.5204457199265,-0.148274784990495
51.5204517408136,-0.148308861322031
51.5204944547207,-0.148503228808438
51.5205059264611,-0.148546553376975
51.5205145866284,-0.148591533508688
51.5205673556454,-0.148778548942465
51.5206173867137,-0.148967497991561
51.520632146592,-0.149008170558795
51.5206442461404,-0.149051051825485
51.5206522811844,-0.149075345708335
51.5206449693469,-0.149123433003055
51.5206435373238,-0.149143530981305
51.5206406723728,-0.149163229367868
51.5206320505657,-0.149296031659265
51.5206254400754,-0.149348556986505
51.5205946611746,-0.149588803690461
51.5205943234634,-0.149595801916825
51.5205934576009,-0.149602681847193
51.520590996693,-0.149656093634585
51.5205844751519,-0.149703865125412
51.5205774042029,-0.149829344193585
51.5205654344911,-0.149953859543945
51.5205489214262,-0.150246448336325
51.5205439248962,-0.150326648064515
51.5205361081392,-0.150402688158437
51.5205315569903,-0.150474930534055
51.5205120966052,-0.150685345884402
51.5205116628047,-0.150693554456265
51.5205106128275,-0.150701617916101
51.5204459794977,-0.151420656212886
51.5204416299112,-0.151507147769915
51.5204387503214,-0.151521950842085
51.5204039207012,-0.15167690829505
51.5203410533691,-0.152023283734343
51.5203334231568,-0.152077866586075
51.5203225116541,-0.152130990552382
51.5202738008196,-0.152430066846325
51.5202529477886,-0.152542422676605
51.5202089020881,-0.152674058181684
51.5202012106741,-0.152706143510765
51.5201914012905,-0.152736700631083
51.520150949066,-0.152914447154885
51.5200944500062,-0.152937513673445
51.5200438926988,-0.152969443041435
51.5199918746951,-0.152994589957972
51.5198979230988,-0.153061629855295
51.5198022499574,-0.153122052039611
51.519754581363,-0.153163912473385
51.5197049345896,-0.153199338317385
51.5196169520088,-0.153284772434745
51.5195267452622,-0.153363987976906
51.5194827170841,-0.153415119171635
51.5194362244477,-0.153460265123483
51.5193555982991,-0.153562745887975
51.5192722804535,-0.153659505308474
51.5192325869702,-0.153719100808165
51.5191899816307,-0.153773254799672
51.519117983296,-0.153891165909835
51.519042868209,-0.1540039431412
51.5190081353312,-0.154071063063645
51.5189700891409,-0.154133371012195
51.5189078539278,-0.154264852937465
51.5188421260933,-0.15439186939642
51.5188129014986,-0.154465455258525
51.5187800144097,-0.154534934537866
51.5187285236589,-0.154677913844735
51.5186732195313,-0.154817166482577
51.5186499640341,-0.154896057890195
51.5186227546391,-0.154971612827264
51.5185828202594,-0.155123834869305
51.5185388119135,-0.155273127758382
51.5185218922052,-0.155356080691395
51.5185007895587,-0.155436519850985
51.5184730412225,-0.155595584365875
51.5184410226173,-0.15575256326709
51.5184017078396,-0.155996010603965
51.5183856452754,-0.156077313002795
51.5183676792857,-0.156192986023055
51.5183449816198,-0.15630649102086
51.5183297017099,-0.156437502521745
51.518309615297,-0.156566827768379
51.5183039780361,-0.156642631643575
51.5182902165305,-0.156721606770995
51.5182055730254,-0.157168851104795
51.5182014276078,-0.157196995251105
51.5181953629483,-0.157224225539405
51.5181561964683,-0.157442388223065
51.518092904115,-0.157788348989247
51.5180904635242,-0.157805634923595
51.5180867855545,-0.157822345760809
51.5180401303556,-0.158085919601482
51.5180172676729,-0.158254722781585
51.5179902589774,-0.158421937007537
51.5179839111078,-0.158501005964615
51.5179733602764,-0.158578906442263
51.5179638422615,-0.158750983179715
51.5179500870103,-0.158922318359149
51.5179499555224,-0.159002042331465
51.517945563083,-0.159081453497108
51.5179495398224,-0.159254090423965
51.5179492549003,-0.159426844983334
51.5179553418666,-0.159505966891305
51.51795717708,-0.159585636578054
51.5179745858682,-0.159756111550255
51.5179877757681,-0.159927561494558
51.5179999852087,-0.160004833735615
51.5180080191377,-0.160083505713907
51.51803858547,-0.160249130652205
51.5180650422151,-0.160416572555903
51.5180831816082,-0.160490776674395
51.5180972875757,-0.1605672104435
51.5181405294726,-0.160725373702475
51.5181798358964,-0.16088616731399
51.5182036192117,-0.160956133208305
51.5182235747982,-0.16102912354473
51.5182788104004,-0.161177331081545
51.5183303467226,-0.161328940931933
51.5183593989289,-0.161393565300815
51.5183848894783,-0.161461961251899
51.5184512477941,-0.161597875943495
51.5185142013884,-0.161737911308159
51.5185480643662,-0.161796175047295
51.5185786879439,-0.16185889806977
51.5185871440616,-0.161872337480045
51.5185815962872,-0.161913211280025
51.5185738978621,-0.161969527700895
51.5185015872879,-0.162010217324795
51.5184222009779,-0.162046510564015
51.5183597776857,-0.162089257471295
51.5183297690487,-0.162045338870625
51.5182880832083,-0.16196772715989
51.5181886016722,-0.161804470111965
51.5180903317686,-0.161639329549044
51.5177414130662,-0.161122283152383
51.5177338773042,-0.161112448879755
51.5177271138053,-0.161101258203604
51.5176120482091,-0.160953460240805
51.5174976994973,-0.160804233604563
51.5174894561051,-0.160795994726975
51.5174818731738,-0.160786254701793
51.5174599139144,-0.160761513401555
51.5170219254506,-0.160118985543387
51.5169936981097,-0.160082525011005
51.5169677940643,-0.16004185414285
51.5169136200223,-0.159966884019895
51.516866165328,-0.159895774733705
51.516730864465,-0.159676764255354
51.516702433931,-0.159636190226525
51.5166765345762,-0.159591453696761
51.5165027366293,-0.159326726348885
51.5163130738035,-0.159028714723095
51.5160635167953,-0.158635649144332
51.5160307472301,-0.158590154566945
51.516016507094,-0.158566423107555
51.516014549073,-0.158350786284701
51.5160145114164,-0.158350357690795
51.5160145074286,-0.158349924893145
51.5159925660447,-0.158100583292475
51.5159706580275,-0.15785123404986
51.5159705872381,-0.157850816420735
51.5159705495242,-0.157850387840016
51.5159293343478,-0.157607440850925
51.5158881487628,-0.15736446235533
51.51588804595,-0.157364062250465
51.5158879751098,-0.157363644675718
51.5158472988424,-0.157172177914606
51.5158433493755,-0.157156817718795
51.5158405467928,-0.157140819744596
51.5157834192453,-0.156923738536385
51.5157274096189,-0.15670590690693
51.5157222932132,-0.156691463330175
51.515718264922,-0.156676156068251
51.5156446559815,-0.156472293979145
51.5155720973823,-0.156267461571415
51.5155658947323,-0.156254162421915
51.5155607042769,-0.156239787305544
51.5154895769946,-0.156068558183585
51.515446972058,-0.155964550886299
51.5154314611377,-0.155931420616195
51.5154181977208,-0.155895859200882
51.5153371393145,-0.155729955621245
51.5152582263223,-0.155561402840655
51.5152402535757,-0.155531657978385
51.5152243210334,-0.155499048580857
51.5151309616063,-0.155350779972415
51.515039523996,-0.155199450897657
51.5150193728877,-0.155173560547295
51.5150010225285,-0.155144417456861
51.5149358472321,-0.155053173026306
51.5149012928167,-0.155010623438495
51.5148692840855,-0.154963210502718
51.5147767919308,-0.154857315639255
51.5146866486317,-0.15474631505728
51.5146490478381,-0.154711060605095
51.5146135934206,-0.154670468614229
51.5145135709257,-0.154584037638925
51.5144154806079,-0.154492068292326
51.5143754264863,-0.154464664905535
51.5143370855605,-0.154431533922274
51.5142311102614,-0.154365929664905
51.5141266199961,-0.154294441711962
51.5140847442435,-0.154275321438335
51.5140441215362,-0.154250173856197
51.5135815740334,-0.154016268572225
51.5134689799217,-0.153958380397723
51.5134522451948,-0.153951604813645
51.5134360860593,-0.153941869405196
51.5133177633927,-0.153883913069535
51.5132579493515,-0.153861099844035
51.5131993961151,-0.153831006624551
51.5131630614234,-0.153820147213325
51.513065637297,-0.153757646879355
51.5129596741504,-0.153683045591124
51.5129199624888,-0.153664192367685
51.5128815059062,-0.153639521381668
51.5124448275461,-0.153409312186158
51.512352482812,-0.153370761561715
51.5122587188124,-0.153316798623196
51.5121760348218,-0.153278436042934
51.5121407164135,-0.153265848702165
51.5121063203183,-0.153247837937145
51.5121026866404,-0.153246718922285
51.5120598667092,-0.153221046805705
51.5120439771507,-0.15320910918877
51.5120297259732,-0.153200108029605
51.5120162005778,-0.153188572749837
51.5118836816354,-0.153107865243265
51.5117517877303,-0.153024559984777
51.5117369467666,-0.153018499865155
51.5117226282933,-0.153009779539904
51.511680265383,-0.152988763372985
51.5115827230821,-0.152840172364421
51.5115674916452,-0.152822212632505
51.5115535867535,-0.152801661904405
51.5114409882197,-0.152673049581335
51.5114061564151,-0.152631978612385
51.5113819618481,-0.152537660668306
51.5113555638035,-0.152462996939245
51.511333106496,-0.15238507557968
51.5112780938161,-0.152243882294605
51.5112268844189,-0.152099042605908
51.5111948703187,-0.152030284283865
51.5111665117926,-0.151957500455362
51.5111009189955,-0.151828500217035
51.5110388151052,-0.151695116512324
51.5110016898861,-0.151633348015485
51.5109678774457,-0.15156684966398
51.5108927390824,-0.151452076967235
51.5108207202606,-0.151332252910378
51.5107790694675,-0.151278448375215
51.5107403364341,-0.151219284261119
51.5106568375985,-0.151120549127535
51.5105760397755,-0.151016174421107
51.5105305203245,-0.150971182339125
51.5104874776196,-0.150920285495009
51.5103969352538,-0.150839144928395
51.5103086328025,-0.150751865511767
51.5102599626187,-0.150716395349955
51.510213289123,-0.15067456836812
51.5101171312606,-0.150612301816925
51.5100227168703,-0.150543493905382
51.5099716635408,-0.150518104909895
51.5099220954042,-0.150486007306693
51.5098211873193,-0.150432229454109
51.5097279996557,-0.150392809210665
51.5096361139966,-0.150346165154413
51.5095763387098,-0.150328653600625
51.5095175809014,-0.150303797873796
51.5094220529798,-0.150283454606175
51.5093785732875,-0.150270716951345
51.5093120910281,-0.150209251238335
51.5092973957761,-0.150195217455475
51.5090453429944,-0.149897645304195
51.5083536638004,-0.149080696550205
51.50794257192,-0.148588652086726
51.5079144219044,-0.148559185894265
51.5078882188287,-0.148525401364497
51.5076446428464,-0.148249886188186
51.5076363772172,-0.148241733459225
51.5076287660373,-0.148232074995388
51.5074785793663,-0.148064977160755
51.507287238878,-0.147851940396825
51.5072586195749,-0.147816035810195
51.5071633400742,-0.147689750139109
51.5071349769698,-0.147660918943435
51.507108523455,-0.147627731464661
51.5070024096983,-0.147526163844605
51.5068980298905,-0.147420061401935
51.5068676412552,-0.147397169165135
51.5068388073541,-0.147369570569045
51.5067256067941,-0.147290172372255
51.5066137729683,-0.147205926192897
51.5064320615181,-0.147090804955712
51.5063238938238,-0.147034605045885
51.5062170056326,-0.146972410186093
51.506081597632,-0.146908758572269
51.5059666519887,-0.146867111428925
51.5058525770113,-0.146819691929375
51.5057205847378,-0.146778831636221
51.505654824059,-0.146765285707215
51.50558984954,-0.146744106467465
51.5054992722424,-0.146733243856345
51.5054091813029,-0.146714686178864
51.5053428823533,-0.146714488576695
51.5052767680045,-0.146706559719504
51.5049745204611,-0.146700889461623
51.5049364453465,-0.146704021337725
51.5048675537194,-0.146618000031709
51.5048435313464,-0.146591718064655
51.5048213080718,-0.146561627130252
51.5048211815944,-0.146561476641039
51.5048135631267,-0.146553551199325
51.5048095076553,-0.146548124010828
51.5048094389333,-0.146548043225016
51.5047842580327,-0.146522178001385
51.5047665686969,-0.146499716890955
51.5047562995925,-0.146486060238878
51.5047562125553,-0.146485958582447
51.5047242709745,-0.146453371193655
51.5046823899608,-0.146401666376264
51.504606770394,-0.146319906118667
51.504471576635,-0.146192782533795
51.5043364042373,-0.146065602287475
51.5042249378426,-0.145975320377504
51.5041376731376,-0.145915363209275
51.5040523725759,-0.145848509835199
51.5039934786952,-0.145816291191175
51.5039362761936,-0.145776988932577
51.503845021908,-0.145735076023935
51.5037551784303,-0.14568592601063
51.5036942353546,-0.145665820065215
51.5036344177432,-0.145638345957461
51.503540613118,-0.145615138010495
51.5034476436439,-0.145584466122907
51.5033856125247,-0.145576789735715
51.5033241231944,-0.145561576827945
51.5032404846466,-0.145557929511565
51.5032186756133,-0.145547034969775
51.5031938775559,-0.145539958134965
51.5031696818444,-0.145528723897668
51.503039402702,-0.145495874318225
51.5029095623416,-0.145458820658629
51.5028844077038,-0.145456792693895
51.5028595263352,-0.145450518915323
51.502727711647,-0.145444159871285
51.502596004334,-0.14543354163909
51.5025708898297,-0.145436594425805
51.5025457152011,-0.145435379943805
51.5024144438479,-0.145455611174545
51.5022829466282,-0.145471595283291
51.5022582683101,-0.145479680579395
51.5022331974557,-0.145483544440228
51.5021188569363,-0.145512899746792
51.5020901382149,-0.145523279751435
51.5020609106392,-0.145528901374206
51.5019370819843,-0.145578599915575
51.5018125610656,-0.145623606366023
51.5017848786065,-0.145639686631475
51.501760763457,-0.145649365229355
51.5015625148128,-0.14534551233101
51.5015472198839,-0.145324856077125
51.5015334247643,-0.145301633850424
51.5014271161142,-0.145162652384455
51.5013222023905,-0.145020963298095
51.501305416404,-0.145003549582225
51.5012899182608,-0.144983288251985
51.5011736043967,-0.144866808328345
51.5010584631169,-0.144747361221137
51.501040450816,-0.144733464646315
51.5010234940955,-0.144716483716917
51.500823955391,-0.144543611843295
51.5008117442529,-0.144421139896855
51.5007900626844,-0.144190058998951
51.5007869246425,-0.144172210930255
51.5007850987493,-0.144153898083379
51.5007374726954,-0.143814409680554
51.5007364877883,-0.143808999214545
51.5007359230915,-0.143803435620372
51.5006975498961,-0.143533439616365
51.5006818373547,-0.143397706151475
51.5006530783299,-0.143214249928435
51.5006279220443,-0.143029432560609
51.5005440316751,-0.142557418756796
51.500542746831,-0.142551601445455
51.5005419144928,-0.142545575316039
51.5005023475385,-0.142368159778995
51.5004607530074,-0.142118622844893
51.5004207278777,-0.141927465872485
51.5003837129574,-0.141734749911473
51.5003718021362,-0.141684241004445
51.5003533021157,-0.14156994783814
51.5003263482648,-0.141438064881535
51.5003040779199,-0.141303945329723
51.5002656497045,-0.141119831218716
51.5002084599345,-0.140893989951685
51.5001518565214,-0.140667766872631
51.5001493179967,-0.140660439612625
51.5001473510322,-0.140652672109102
51.5000729906394,-0.140440126457575
51.4999991827957,-0.140227085688246
51.4998859064175,-0.139943619771197
51.4998666537837,-0.139901514503515
51.4998501052033,-0.139856540380651
51.4997737864584,-0.139698414832525
51.4997000514599,-0.139537157319461
51.499677665343,-0.139499260560905
51.4996577381681,-0.139457973254035
51.4995696834697,-0.139316461418675
51.4994839477563,-0.139171322105977
51.4994587812295,-0.139138231524915
51.499435789776,-0.139101282187294
51.4993656175961,-0.139001859988586
51.4993655246509,-0.139001744124875
51.4993654414448,-0.139001610430822
51.4992415100336,-0.138847149808725
51.4991175882536,-0.13869267122197
51.4991174869683,-0.138692574954585
51.4991173940169,-0.138692459105555
51.4990571957699,-0.1386267248721
51.4990508732834,-0.138620716926315
51.4990450431277,-0.1386135382135
51.4989157899958,-0.138492353968055
51.4987869825754,-0.138369954655617
51.4987802411489,-0.138365267030325
51.4987738968684,-0.138359318804294
51.4986362078071,-0.138265113993775
51.498498865561,-0.138169613585233
51.4984918115157,-0.138166320196095
51.4984850531743,-0.138161696239332
51.4983728329077,-0.138097966473071
51.4982977924191,-0.138063697373415
51.498224251753,-0.13802187506728
51.4979748469962,-0.137907787892105
51.4978952341523,-0.137853982644261
51.4978801779276,-0.137847221843785
51.4978656935346,-0.137837772961235
51.4977290507605,-0.137779360169615
51.4975928734724,-0.137718211542764
51.4975774084226,-0.137714535283455
51.4975623010123,-0.137708077086112
51.4974871198159,-0.137683940421443
51.4974222463847,-0.137669846482245
51.4973581906494,-0.137648156743232
51.4972668356717,-0.137636083058745
51.4971759999548,-0.1376163487385
51.4971105383311,-0.137615426441865
51.4970452953648,-0.13760680378101
51.4970355110015,-0.137607488990135
51.4970250010905,-0.137604764833605
51.4970182949981,-0.137604394981685
51.4969363869843,-0.13757259087286
51.4969257504978,-0.137570677652675
51.4969153261864,-0.13756678117528
51.4967697879005,-0.137542624141785
51.4966243845316,-0.137516469954481
51.496613682631,-0.137516713157655
51.4966030364903,-0.137514946068165
51.4964567609005,-0.137520279240425
51.4963104633502,-0.137523603886245
51.4962998648135,-0.137525999633405
51.4962891647391,-0.137526389755537
51.4961444587154,-0.137561128419035
51.495999574153,-0.137593878863154
51.4959892461249,-0.137598389327825
51.4959786608596,-0.1376009304658
51.4959112890514,-0.137631348814405
51.495779474865,-0.137495397315365
51.4957724072607,-0.137480961886835
51.4957385494977,-0.137399638133928
51.4953947901926,-0.136676723189908
51.4953870810849,-0.136662465021325
51.4953804539196,-0.136646866534941
51.4949002257839,-0.135656416510605
51.4947886343073,-0.135418984932867
51.4947870569212,-0.135416034115755
51.4947857183393,-0.135412793158539
51.4946326733144,-0.135088471138402
51.4945748216339,-0.134980671721905
51.4945207323963,-0.134867945264733
51.4944724311094,-0.134789879705275
51.4944704214017,-0.134786134864845
51.4944385577548,-0.134719027604385
51.4943421866506,-0.134512384195973
51.4943341382824,-0.134497214151755
51.4943272346676,-0.13448065253122
51.4940932117818,-0.133989086449425
51.4940461987412,-0.133889584489825
51.4940401429753,-0.133878314029825
51.4940349574664,-0.133865974630622
51.4939075542839,-0.133600437373945
51.493893952708,-0.133568716605815
51.4938530588574,-0.133459377850332
51.4938050027071,-0.133361272822755
51.4937609203159,-0.133258466550806
51.4937080345588,-0.133163315583315
51.4936589309218,-0.133063072146661
51.4935939528113,-0.132946324930585
51.4934045958037,-0.132549251789764
51.4933967691672,-0.132534816548975
51.4933900368409,-0.13251902173645
51.4933231749202,-0.132381547874715
51.4932583944269,-0.132214153272143
51.4932398698847,-0.132177495206235
51.4932237701438,-0.132137993423744
51.4930617125943,-0.131790183614734
51.4930552915379,-0.131778070083095
51.4930498010512,-0.131764828779603
51.4929758425514,-0.131608690014507
51.4929455985655,-0.131552540125695
51.4929185711832,-0.131492307020542
51.4927707301089,-0.131203026720065
51.4927275784753,-0.131090449860462
51.4926928007893,-0.131021023465235
51.4926616492477,-0.130947289382186
51.4925244205805,-0.130662730671939
51.4925185880348,-0.130652090070315
51.4925135804873,-0.130640415579083
51.4924148813764,-0.130462892884555
51.4923909056523,-0.130419152785285
51.492263842018,-0.130151579278787
51.4922620629421,-0.130148284477025
51.4922605501291,-0.130144662772074
51.4922197777497,-0.130059189336325
51.4921689305775,-0.129948794088025
51.4921037492376,-0.129795160353677
51.4920607125475,-0.129706278335495
51.4920216292585,-0.129612803923568
51.4916977519447,-0.128934488077275
51.4916652084678,-0.128860318422995
51.4916026781134,-0.128706886852275
51.4914508494494,-0.128381012117254
51.4914389758676,-0.128358611011125
51.4914287209434,-0.128334234657508
51.4913372618322,-0.128166713828285
51.4912473388167,-0.127997061987304
51.4912471231826,-0.127996745836835
51.4911704164594,-0.127832663563238
51.4911504394602,-0.127795098011655
51.4911329249659,-0.127754486282774
51.490997954184,-0.127480089188015
51.4909352848991,-0.127347947014215
51.4907011986513,-0.126741835074095
51.4906890482336,-0.126714386849925
51.4906788275921,-0.126684979929342
51.4905981320514,-0.126509003972155
51.4905192833487,-0.126330881958303
51.4905050866213,-0.126306096122795
51.4904926516627,-0.126278978716745
51.4903606250101,-0.126026017197645
51.4903451611305,-0.125992802272855
51.4900943063928,-0.125427779474203
51.4900876011501,-0.125414524032465
51.4900819068074,-0.125400100501942
51.4898272139129,-0.124836631404815
51.4896885323354,-0.124527507406195
51.4895652312811,-0.124252566675708
51.4895645848034,-0.124251301034145
51.4895640414979,-0.124249915947506
51.4891892179796,-0.123415577389075
51.4891847352976,-0.123394790349635
51.4891649229452,-0.123330418517375
51.4891487905448,-0.123263449103823
51.4889697961984,-0.122639906003716
51.4889418707359,-0.122556791272175
51.4889180980078,-0.12247040947014
51.4889081703693,-0.122443921576945
51.4888888594156,-0.122377682182775
51.488845320759,-0.122212935948563
51.4888223516204,-0.122149550722895
51.488802988487,-0.122083132344766
51.4888026130928,-0.122082030677855
51.4887825369957,-0.121597580470405
51.4887766144311,-0.121440581730565
51.4887795103047,-0.121399645884985
51.4888066181933,-0.121090345308365
51.488835621201,-0.120810180067125
51.4888555307573,-0.120666246801875
51.48890186453,-0.120356044117555
51.4889398163361,-0.120127077975214
51.488949376798,-0.120050280673075
51.4889630416089,-0.119975101218907
51.4890325960509,-0.119478319605375
51.4890620924022,-0.119323101939995
51.4890960130849,-0.11916941914937
51.4891078725226,-0.119082194739615
51.4891240996108,-0.118996803474448
51.4892099758845,-0.118416598920775
51.4892485074229,-0.118161437940635
51.4893260841495,-0.117656436163285
51.4893641069778,-0.117412727561358
51.4893781347652,-0.117290774765295
51.4893969838417,-0.117170509944563
51.4894273788539,-0.116907848299343
51.4894303509964,-0.116868563794225
51.4894358940735,-0.116830004701282
51.4894592297987,-0.116603621003197
51.4894612732289,-0.116571310811075
51.4894655032878,-0.116539552905562
51.4894708677543,-0.116481728455465
51.489473553966,-0.116431137888625
51.4894793842635,-0.116381234610043
51.4894868185283,-0.116284369876263
51.489495810452,-0.116043188859195
51.4895055888283,-0.115802086795809
51.4895059054936,-0.115571553905345
51.4895104861998,-0.115489074202957
51.4895144998694,-0.115242348364115
51.4895835988122,-0.115211961294222
51.48961102675,-0.115193702953705
51.4896394695359,-0.11518002215579
51.4897559517058,-0.115097228723495
51.4898736246889,-0.115018895696492
51.4898994114562,-0.114995260111905
51.4899265622666,-0.114975961803921
51.4900356646535,-0.114870373423325
51.4901462964396,-0.114768970757678
51.4901700353303,-0.114740330602415
51.4901954659525,-0.114715719058192
51.4902954677964,-0.114589000645445
51.4903874133224,-0.114478071530305
51.4904275082099,-0.114440648940327
51.4904837634706,-0.114371663898395
51.4905428493113,-0.114309078525977
51.4906084070142,-0.114218815258455
51.4906770393168,-0.114134652422594
51.4907274673527,-0.114054886769225
51.4907812030048,-0.113980900718361
51.490839199557,-0.113878151901185
51.4909007224644,-0.113780836691214
51.4909445278915,-0.113691548363935
51.4909920658334,-0.113607328403936
51.4910415864684,-0.113493714475725
51.4910950296314,-0.113384781611785
51.4911315215091,-0.113287378808155
51.4911721119621,-0.11319425316823
51.4912123755831,-0.113071566030455
51.4912568960848,-0.11295273351325
51.4912854988312,-0.112848752438325
51.4913185015738,-0.112748189897352
51.4913906129695,-0.112490398617665
51.4915766506945,-0.111833142078915
51.4916141058413,-0.111706759670233
51.4916199009862,-0.111683552123265
51.4916272917317,-0.11166154492116
51.4920554922525,-0.110169096315825
51.4921131303259,-0.109993324796965
51.4922650251836,-0.109714410491982
51.4923100329372,-0.109620458708625
51.4923588364938,-0.109531529506157
51.4924859387707,-0.109268289101312
51.4925054694258,-0.109222119564235
51.4925277162942,-0.109179237146191
51.4927610262518,-0.108667275236184
51.49279858147,-0.108572963023505
51.4928401480174,-0.108483096109234
51.4929155357008,-0.108296702534739
51.4929855321236,-0.108097245934295
51.4930569597798,-0.10789910242312
51.4931113088604,-0.107723791912712
51.4931713925652,-0.107495001043645
51.4932317475167,-0.107266394296008
51.4932690638684,-0.107095996095395
51.4933552021496,-0.106703248127366
51.4933763255172,-0.106583392820535
51.4934021522715,-0.106465938028652
51.4934190385857,-0.106341036203085
51.4934407127177,-0.106218055824576
51.4934493788416,-0.106126072066645
51.4935069210674,-0.105859103418501
51.4935158893902,-0.105807144347255
51.4935280063687,-0.105756860397609
51.4935492470214,-0.105619599740295
51.4935562644471,-0.105608405186815
51.4936004010647,-0.105548384669767
51.4937520627175,-0.105314348010925
51.4939376318952,-0.105042780188355
51.4939886132083,-0.105071908412605
51.4940672758125,-0.105125198698487
51.49413636592,-0.105156327072185
51.4942039733376,-0.105194954637883
51.4942873602803,-0.105224357200445
51.4943695609648,-0.105261392511563
51.4944405352546,-0.105278367296295
51.4945106237285,-0.105303080766673
51.4945807587864,-0.105320483135566
51.4945981500376,-0.105323016326505
51.4946152572726,-0.105328647889135
51.4946914116389,-0.105345800654075
51.494707390197,-0.105347767589155
51.4947231294184,-0.105352612515988
51.4948638505134,-0.105367027605035
51.4950044462668,-0.10538433471848
51.4950204523478,-0.105383069474145
51.4950364454773,-0.105384707767155
51.4951168191031,-0.105384818532774
51.4951243384671,-0.105384069065035
51.4951318599081,-0.105384766591
51.4952809847122,-0.105368455868655
51.4954301689814,-0.10535358642005
51.4954375706103,-0.105351329079325
51.4954450871307,-0.105350506949973
51.4955345939714,-0.105331590739052
51.4956855787764,-0.105284029957305
51.4958366380518,-0.105237074548848
51.4958959460892,-0.105212344478315
51.4959481004152,-0.105191425919827
51.4959595187611,-0.105185600681515
51.4959712804767,-0.105181939157362
51.4959744576863,-0.105180612805025
51.4960407297027,-0.105159181489746
51.4961030806473,-0.105132377455795
51.496166496073,-0.105113056962856
51.4962545749979,-0.105067251582495
51.4963440084308,-0.105028805063507
51.4964037762491,-0.104989659581035
51.4964651839836,-0.104957724533627
51.496548994209,-0.104894547742015
51.4966347224054,-0.104838399271021
51.4966909644462,-0.104787529486825
51.496749396023,-0.104743483315432
51.4968276157244,-0.104663931179795
51.4969082866112,-0.104590966000329
51.4969601158524,-0.104529173977015
51.4970146496853,-0.104473711186905
51.4970811839702,-0.104396232658886
51.4971960250512,-0.104243948573815
51.4973114768175,-0.104092858385049
51.4973170577964,-0.104083454082505
51.4973232954737,-0.104075182661033
51.4974253485995,-0.103900977226365
51.4975281001219,-0.103727834408845
51.4975897546014,-0.103609929139735
51.4976559099938,-0.103465944795485
51.4977252947725,-0.10332593683698
51.4977490501214,-0.103263229344605
51.4977761866038,-0.103204167966885
51.4978305853591,-0.103047999068695
51.4978884981753,-0.102895125394012
51.4979267907212,-0.102778070336407
51.4979413920565,-0.102725688238865
51.497959086655,-0.102675827225498
51.4980054975676,-0.102495710564235
51.4980550907291,-0.102317795752066
51.4980654895941,-0.102262886796615
51.4980791540238,-0.102209856349267
51.4981111445668,-0.102021815596435
51.4981464640952,-0.101835318472561
51.4981524964588,-0.101778748734875
51.4981619151995,-0.101723385276403
51.4981750921887,-0.101621033687703
51.4981867734149,-0.101488926561735
51.4982033025044,-0.101358161799659
51.4982088262646,-0.101239523069655
51.4982192413449,-0.101121735235167
51.4982205222524,-0.100988317895715
51.4982267175282,-0.100855256426193
51.4982272535249,-0.100782386425225
51.4982298694478,-0.100583744185787
51.4982245040485,-0.100377115035045
51.4982220506136,-0.100170343766611
51.4982127046814,-0.0999874362598794
51.4982087975245,-0.0999443750075752
51.4982076951135,-0.0999008947406627
51.4981861702447,-0.0996949970023452
51.4981674246278,-0.0994883992772573
51.4981601882497,-0.0994464642908452
51.4981557018122,-0.0994035489389411
51.4981182807155,-0.0992036091182052
51.4980835622874,-0.0990024149887118
51.4980731108217,-0.0989622677020952
51.4980653111296,-0.0989205941761283
51.4980288568933,-0.0987625754241526
51.4979911950638,-0.0986262716820552
51.4979579429544,-0.0984870395024094
51.4979197171664,-0.0983528531900776
51.4978848779748,-0.0982484339570452
51.4978544481688,-0.0981405173610806
51.4978107989078,-0.0980264058614452
51.4977714131533,-0.0979083597732371
51.4977287009356,-0.0978117785686752
51.4976900904994,-0.0977108399807096
51.4976378814328,-0.0976064167902252
51.4975895952605,-0.0974972317153935
51.4975396836851,-0.0974100117829652
51.4974935016326,-0.0973176432045991
51.4974409758211,-0.0972251421891352
51.4973960310249,-0.0970091256612652
51.4971741180077,-0.0959263632409702
51.4971563224875,-0.0958549784884652
51.4971424743304,-0.0957813708808509
51.4971012140292,-0.0956033036245452
51.4970675181153,-0.0954394382619312
51.4970669913529,-0.0954373312000252
51.4970666316175,-0.0954351353482549
51.496867727009,-0.0944715336241952
51.4968442112678,-0.0943454107699813
51.4968321271107,-0.0942928607767752
51.4968232951926,-0.0942386665022744
51.4967635032582,-0.0939477446258352
51.4967590139751,-0.0935877739536952
51.4967635221136,-0.0933700730361452
51.4967793855375,-0.092941125446621
51.4967793186959,-0.0929104912363952
51.4967813541631,-0.0928800318197893
51.4967858720607,-0.0927155598234232
51.4967851011593,-0.0926494981486452
51.4967881445118,-0.0925836058917159
51.4967821615114,-0.0923975877567352
51.4967799882754,-0.0922113543242267
51.4967740685576,-0.0921459688289352
51.4967719462369,-0.0920799835207607
51.4967712887175,-0.0920740887812452
51.4967856051622,-0.0912945159075852
51.4967901823312,-0.0912254755986088
51.4967969082831,-0.0909758598460369
51.4967967388713,-0.0909619654809252
51.4967975955287,-0.0909481367464711
51.4968001576837,-0.090834943506616
51.4967991994925,-0.0907768632547652
51.4967999134682,-0.0907605699441452
51.4968005081554,-0.0907510204993553
51.4968007020948,-0.0907425730613352
51.496801739189,-0.0907189060131529
51.4968018638837,-0.0906919688932052
51.4968083453803,-0.0904096536448798
51.4968081798423,-0.0903994199332852
51.4968168277009,-0.0902344211855068
51.4968225320119,-0.0898012625272352
51.4968406123998,-0.0895368525764956
51.4968425905106,-0.0894686597048752
51.4968484480097,-0.089401044289199
51.4968498910787,-0.0892169818495352
51.4968552249227,-0.0890331043177865
51.4968518662438,-0.0889650509064752
51.4968524014208,-0.0888967894592374
51.4968452875951,-0.0886695636145152
51.4968607491078,-0.0886377526998928
51.4969505418197,-0.0884269463259675
51.496981525816,-0.0883433895989452
51.4970164324593,-0.0882639235551635
51.497069293773,-0.0881259357240247
51.4971201715803,-0.0879722712321452
51.4971747381914,-0.0878219076595181
51.4972391604997,-0.0876156066497157
51.497283417109,-0.0874484408078952
51.4973313065126,-0.087283878637507
51.4973690662894,-0.0871295334260971
51.4973819814697,-0.0870651238684252
51.4973985259272,-0.0870028926433857
51.4974300698118,-0.0868253015204652
51.4974653175437,-0.0866495168407724
51.4974731049809,-0.0865830148113152
51.4974846630357,-0.0865179433093095
51.4975021006699,-0.0863354016208452
51.4975101112004,-0.0862669944508652
51.4975295853521,-0.0862508009148752
51.4976023374754,-0.0861910455949196
51.497678344019,-0.0861186049653252
51.4977567142578,-0.0860529818517045
51.4978132140766,-0.0859900624555052
51.4978723398948,-0.0859337105771652
51.4979420947417,-0.0858465382138552
51.4980147264533,-0.0857656539995813
51.4980658712829,-0.0856918551473752
51.4981201337857,-0.0856240435066903
51.4981825367134,-0.0855235140865052
51.4982482843828,-0.0854286442319508
51.4982932675405,-0.0853451297339652
51.4983418108996,-0.085266927702034
51.4983958776668,-0.0851546265850752
51.4984537042943,-0.08504726725296
51.4986647958278,-0.0846016144772344
51.498710864607,-0.0844905103824052
51.4987609450137,-0.0843839792981295
51.4988053023893,-0.0842761550179602
51.4988251627664,-0.0842205794385552
51.4988481759629,-0.0841682358451919
51.4989024458478,-0.0840267043463152
51.499029029527,-0.0837266251133552
51.4991734348345,-0.0833963774961252
51.4991947759379,-0.0833866470492632
51.499201334736,-0.0833829272423652
51.4992081238303,-0.0833804966495359
51.499537890311,-0.0832269531975474
51.4995455618335,-0.0832225251139652
51.4995535067377,-0.0832195933372313
51.5001231770759,-0.082947871867474
51.5001240182672,-0.0829473763550252
51.5001248913532,-0.0829470531085032
51.5008105666675,-0.0826191323281152
51.5018786008862,-0.0821437944247052
51.5019250996551,-0.0821800681133731
51.5019755205717,-0.0822074873237452
51.5020243510051,-0.0822415361841224
51.5021240770368,-0.0822882732602052
51.5022224760159,-0.0823417832415258
51.5022746384973,-0.0823588346002652
51.5023257403266,-0.0823827837140653
51.5024283262599,-0.0824090734903652
51.50253012409,-0.0824423501151004
51.5025832055392,-0.0824487645228152
51.5026357728855,-0.0824622359971953
51.5027396009384,-0.0824676634765752
51.5028431922414,-0.0824801815382034
51.5028963555557,-0.0824758576247452
51.5029495594088,-0.0824786387884701
51.5030529921816,-0.0824631179522252
51.503156743259,-0.0824546796017103
51.5032091500283,-0.0824396853369752
51.503262151322,-0.0824317321091993
51.503363557615,-0.0823955072992052
51.503465832215,-0.0823662451933854
51.5035166559421,-0.0823408168293752
51.503568618789,-0.0823222544285489
51.5036663993249,-0.0822658965221252
51.5037655844523,-0.0822162717568901
51.5038140235865,-0.0821808101167552
51.5038641284633,-0.0821519310976967
51.5039567411094,-0.0820763285332952
51.5040512724694,-0.0820071233929953
51.5040965630482,-0.0819621875645252
51.5041440197237,-0.0819234472139941
51.5042300038159,-0.0818297920064052
51.5043183904904,-0.0817420976435407
51.5043598181905,-0.0816883961749252
51.5044038781911,-0.0816404053384343
51.5044259191368,-0.0816092564223752
51.5044379140354,-0.08159855955983
51.504545858192,-0.0814714756880452
51.504655252061,-0.0813476311823518
51.5046724128419,-0.0813224814726952
51.5046911489447,-0.0813004232477317
51.5047883272631,-0.0811526049350552
51.5048871964774,-0.0810077087295053
51.5049022598474,-0.0809793016443752
51.5049191272766,-0.0809536445331576
51.5050040070073,-0.0807874229188252
51.5050907921857,-0.08062376007588
51.5051035205513,-0.0805925436253252
51.5051182532728,-0.0805636922525641
51.5051894956231,-0.0803816888567952
51.5052628279605,-0.0802018405276173
51.5052730205546,-0.0801683070537252
51.5052853862005,-0.0801367164403538
51.5053254811785,-0.0799983502393652
51.505392129782,-0.0799537988359152
51.506067300711,-0.0795088899167596
51.5060844954867,-0.0794954748094052
51.5061025057109,-0.0794851848766396
51.5062702937568,-0.0793697780580152
51.5067385711231,-0.0790567812458552
51.5068849857082,-0.0789656085073511
51.5069200751522,-0.0789395763029352
51.5069565408606,-0.0789189961065817
51.5077612430456,-0.0783713854627852
51.508494922978,-0.0782187963868552
51.5085885675637,-0.0782916131894052
51.5086951762738,-0.078380833463853
51.5091888376008,-0.0787325553230678
51.5091904759967,-0.0787335298547352
51.5091920266309,-0.0787348231866628
51.5093376824509,-0.0788210894915252
51.5094832624899,-0.078907681722863
51.5094849640022,-0.0789083186540352
51.5094866032789,-0.0789092895341934
51.5096378380662,-0.0789655443703852
51.5097890264835,-0.0790221390944974
51.5097907642807,-0.0790224283670652
51.5097924663471,-0.0790230614850544
51.5106762873257,-0.0792590435169818
51.5106935008494,-0.0792618700240452
51.5107104107448,-0.0792677658135237
51.5108496030755,-0.0792875024309952
51.5109886132445,-0.0793103282759975
51.5110059115272,-0.0793096660092752
51.5110231479589,-0.0793121100293913
51.5111627821533,-0.0793036601994352
51.5113024767588,-0.079298311975507
51.5113195869807,-0.0792941713050252
51.511336878138,-0.0792931249471253
51.5114747521686,-0.0792566213584352
51.511612928034,-0.0792231828247344
51.5116295803548,-0.0792156289800552
51.5116466535394,-0.0792111086762323
51.5117805930141,-0.0791471264460852
51.5119150709488,-0.0790861244126431
51.5119310027437,-0.0790752764559852
51.5119475886901,-0.0790673534307291
51.5120754811487,-0.0789769011321852
51.5122041403174,-0.0788892971238883
51.5122191003356,-0.0788753260610752
51.5122349374408,-0.0788641252241523
51.5124091283939,-0.0787193069426765
51.5124290787414,-0.0787000776930652
51.5124501940567,-0.0786843846272575
51.5125636266086,-0.0785703930085452
51.5126783584686,-0.0784598080889904
51.5126966515917,-0.0784367123948552
51.5127163762612,-0.0784168905098
51.5128200226696,-0.0782809521852252
51.5129252238382,-0.0781481321082348
51.5129415711935,-0.0781215341895552
51.5129595941418,-0.0780978960391434
51.5130518197036,-0.0779421546601052
51.5131458308963,-0.0777891940125023
51.5131599746413,-0.0777595133314252
51.513176011611,-0.0777324316881088
51.5132275281595,-0.0776200573632652
51.5132442928749,-0.0776307696296752
51.5133119380549,-0.0776825052260682
51.5133900155045,-0.0777238830280152
51.5134664117665,-0.0777726984768658
51.5135389462362,-0.0778028101235252
51.5136100933412,-0.0778405151309542
51.5136907824755,-0.0778658427644152
51.5137703838805,-0.0778988881480613
51.5138446950049,-0.0779141545992552
51.5139182220504,-0.0779372341138878
51.514000250437,-0.0779461118523352
51.5140818016317,-0.0779628657010045
51.5142409266784,-0.077979337087884
51.5143410951179,-0.0779795780836952
51.5144411539458,-0.0779871445070645
51.5144979281458,-0.0779799554091652
51.5145548789239,-0.0779800924273472
51.5146542763743,-0.0779601576361552
51.5147541362906,-0.0779475127601962
51.5148572254426,-0.0779239197504841
51.5150040331182,-0.0778750409117752
51.515151011766,-0.0778274955235051
51.515157719273,-0.0778238719197752
51.5151646485982,-0.0778215648376173
51.5153064866669,-0.0777435031499352
51.5154485974419,-0.0776667304924663
51.5156247983251,-0.0775512844946378
51.5156675158928,-0.0775181264783752
51.5157118778359,-0.0774911115641398
51.5158087479461,-0.0774085000419752
51.5159074979198,-0.0773318488324557
51.5159472924587,-0.0772903482917752
51.5159891974472,-0.0772546114181029
51.5160618612882,-0.0771723778574052
51.516149049909,-0.0772129158356652
51.5161771706827,-0.0772278208123452
51.5164054175121,-0.0774159405845652
51.5168570045958,-0.0777888743114352
51.5168572955651,-0.0777892154537252
51.5169165469171,-0.0778684929962119
51.5169839830331,-0.0779377481620752
51.5170486359018,-0.0780135493903431
51.517116125053,-0.0780734546357252
51.5171810921662,-0.078140174198807
51.5172533977516,-0.0781953016961252
51.5173234526719,-0.0782574843893894
51.5173950816682,-0.0783033248826052
51.5174647400671,-0.078356434102
51.517540774899,-0.0783965643513752
51.5176151271512,-0.0784441476498897
51.5176897664322,-0.0784752002505252
51.5177630176362,-0.0785138613352479
51.5178415826684,-0.0785383612146752
51.5179190597372,-0.0785705944361453
51.5179955322557,-0.0785863691670852
51.5180712210982,-0.0786099721296371
51.5181510773558,-0.0786184549692452
51.5182304574277,-0.0786348294694977
51.5183075572354,-0.0786350772573252
51.5183844900516,-0.0786432495503769
51.5186437010305,-0.0786445714689652
51.5186466351345,-0.0786456080097322
51.5187671012731,-0.0786632201194952
51.5188872019417,-0.078686412310201
51.5189233229795,-0.0786860596814952
51.5189592965664,-0.0786913190080263
51.5190801863156,-0.0786845283158052
51.5192011487467,-0.0786833474298008
51.5192369574791,-0.0786757220710152
51.519273057553,-0.0786736942357754
51.5193440696174,-0.0786625007250452
51.5193593739581,-0.0786618526510452
51.5194702040587,-0.0786637473924585
51.5195326890871,-0.0786585013714614
51.5195605119647,-0.0786533353084552
51.5195624206135,-0.0786532544852518
51.5195669415432,-0.0786521414848552
51.5195786522637,-0.0786499670756852
51.5195911341008,-0.0786494385198752
51.5198480101169,-0.0789361583669752
51.520122851335,-0.0792924317761566
51.5201328422775,-0.0793037962273652
51.5201419486402,-0.0793169409988188
51.5204859634228,-0.0797540413888252
51.5206167141912,-0.0799326492853152
51.5206253748552,-0.0799550586897852
51.520650632211,-0.0800341164123545
51.5207081241469,-0.0801691718731252
51.520761846591,-0.0803081783017635
51.5207966797916,-0.0803771997156852
51.5208279031716,-0.0804505471842717
51.5208954737802,-0.0805729583782852
51.5209596128138,-0.0807000488178329
51.5209995538499,-0.0807615102630352
51.5210362509054,-0.0808279908004017
51.521038106124,-0.0808309540379352
51.5210445296422,-0.0810056098650859
51.5210523825055,-0.0810731629518552
51.521056362498,-0.0811415864779167
51.5210811882101,-0.0813209597364952
51.5211021861483,-0.0815015913734279
51.5211152449909,-0.0815670302514852
51.5211245293769,-0.0816341127408449
51.5211631471578,-0.0818070717412752
51.5211980654818,-0.0819820501833947
51.5212161243873,-0.0820443429793952
51.5212305667731,-0.0821090266704195
51.5212823676825,-0.0822728440957352
51.521330655804,-0.0824394102308597
51.5213534300093,-0.0824975746563952
51.5213728026707,-0.0825588395944501
51.5214369698828,-0.0827109322102152
51.521497866396,-0.0828664595115872
51.5215249967803,-0.0829195783497852
51.5215489942516,-0.082976458461373
51.5216245159308,-0.0831144278436352
51.5216970606118,-0.0832564637662651
51.5217281193576,-0.0833036993340852
51.5217563632454,-0.0833552976537244
51.5218420484975,-0.0834769680052652
51.5219250974368,-0.0836032726484219
51.5219595947753,-0.0836438800070352
51.5219916397205,-0.0836893828170005
51.522086137368,-0.0837928352786952
51.522178380998,-0.083901416703123
51.5222157729316,-0.0839347554062552
51.5222511136281,-0.0839734450683658
51.5223529335142,-0.0840570479835752
51.5224529172483,-0.0841461936280331
51.5224926141274,-0.0841717378237452
51.5225306932864,-0.0842030041001369
51.5226382297682,-0.0842654387520952
51.5227443769304,-0.084333742456179
51.5227857527515,-0.0843510891840452
51.5228259698851,-0.0843744388668222
51.5229375271496,-0.0844147202881852
51.5230481638305,-0.0844611044889579
51.5230905661051,-0.0844699800390652
51.5231322869945,-0.0844850447390611
51.5232125731874,-0.0844973837206052
51.5232998017099,-0.0846745143106452
51.5232630081903,-0.084746080112097
51.5231546431148,-0.0849860861469563
51.5231489761822,-0.0850004559120052
51.5231423026087,-0.0850136621097875
51.5230649599741,-0.0852134976496352
51.5229865692517,-0.0854122747198793
51.5229820675283,-0.0854276726221752
51.5229764763804,-0.0854421188594261
51.5229153265142,-0.0856559566621952
51.5228530541421,-0.0858689559534522
51.5228497886205,-0.0858851391617152
51.5228453680513,-0.0859005976552942
51.5228013750962,-0.0861250659653852
51.5227562030853,-0.0863489285400768
51.5227542252553,-0.0863656418736652
51.5227510449708,-0.0863818688602221
51.5227249026065,-0.0866134281899452
51.5226975432431,-0.0868446240788164
51.5226968842903,-0.0868616040020652
51.5226949944385,-0.0868783436060442
51.5226871148756,-0.0871133427060252
51.5226779995673,-0.0873482263651688
51.522678669882,-0.0873652051393952
51.5226781002623,-0.0873821934075986
51.5226886077369,-0.0876169266050252
51.5226978802234,-0.0878517945812504
51.5226998692396,-0.0878685045152952
51.5227006288325,-0.0878854735455744
51.5227200253708,-0.0881155968571499
51.5227316356408,-0.0882088587133452
51.5227386685258,-0.0883032949774646
51.5227624046466,-0.0884560170132452
51.5227816204812,-0.0886103721143733
51.5228004116567,-0.0887005602556652
51.5228147531035,-0.0887928354415746
51.5228502111371,-0.0889395725830452
51.5228813118876,-0.0890888404606618
51.5229069876568,-0.0891745327139252
51.5229284115357,-0.089263191853486
51.5229750323613,-0.0894016302543252
51.5230175276382,-0.0895434572036249
51.5230496831444,-0.0896233023265452
51.5230778516363,-0.0897069473696541
51.5231402489027,-0.089867287758291
51.5231562531849,-0.0899031847109952
51.5231698593781,-0.0899415515351702
51.5232675044082,-0.0901806320397052
51.5232715766331,-0.0901946894751969
51.5233322112442,-0.0903496482158752
51.5233894814996,-0.0905078786636972
51.523415714516,-0.0905630504557852
51.5234387147582,-0.0906218302267221
51.5235109546676,-0.0907633541404052
51.5235801119641,-0.0909088018436639
51.5236104403288,-0.0909582547185352
51.5236378427915,-0.0910119383928027
51.5237205488714,-0.0911377956877352
51.5238005027046,-0.0912681669409094
51.5238344481677,-0.0913111210021552
51.5238658207621,-0.0913588619889473
51.5239576888182,-0.0914670678055152
51.5240471784322,-0.0915803065720019
51.5240842056999,-0.0916160843742952
51.5241190537253,-0.0916571297518133
51.5242186350714,-0.0917459774983552
51.5243162493168,-0.0918402978031878
51.5243557744922,-0.0918683350380352
51.524393548432,-0.0919020374287466
51.5244992727311,-0.0919701257014852
51.5246034723073,-0.0920440398071662
51.5246448720962,-0.0920638942047752
51.5246849762803,-0.0920897219912613
51.5247951762797,-0.0921359766742452
51.5249043180247,-0.0921883185739136
51.5249469395854,-0.0921996768885952
51.5249887415589,-0.0922172225967728
51.5251854588467,-0.0922788870070448
51.5252103354817,-0.0922841054973852
51.5252347315354,-0.0922935102224916
51.5253659088884,-0.0923167408726052
51.525496771158,-0.0923441924747667
51.5255218585766,-0.0923443585410152
51.5255467956127,-0.0923487747267766
51.525592281862,-0.0923476104133752
51.5257217282965,-0.092846644984027
51.5257478143567,-0.0929317345499752
51.5257696698406,-0.0930198491793427
51.5257891768357,-0.0930860727047558
51.5258122945455,-0.0931532855373852
51.5258316708882,-0.0932234872637687
51.5259105228461,-0.0934667104770052
51.5259124564232,-0.0934742153436852
51.5259421968961,-0.0936234774860852
51.5259687407807,-0.0937805185494312
51.5259900307455,-0.0938635470664552
51.5260070715428,-0.0939490717963655
51.5260233736199,-0.0940160781318652
51.5260437393935,-0.0941118894734068
51.5260707778941,-0.0942170037146852
51.5260932383124,-0.0943248666769135
51.5262094775315,-0.0947848744612952
51.5263350302342,-0.0952862100599373
51.5263373673635,-0.0952940766014452
51.5263390949726,-0.0953023399485903
51.5264226639568,-0.0956319121056237
51.5264233030537,-0.0956340395280852
51.5264237728663,-0.0956362780284401
51.5266072322499,-0.0963573839951652
51.5268826529403,-0.0974435197359852
51.5270268050242,-0.0980210798830052
51.5270380006458,-0.0980673188531583
51.5270413045257,-0.0980787777743952
51.527043735819,-0.0980907875883191
51.5270908896231,-0.0982819803078704
51.5271205433592,-0.0983831608714752
51.5271457203871,-0.0984874281882732
51.5271873750068,-0.0986111949972752
51.5272246832902,-0.098738493396702
51.5272619924272,-0.0988329029395752
51.5272910793579,-0.0989193278456452
51.5273708775597,-0.0992370107800928
51.5273727855901,-0.0992434159620852
51.5273741939421,-0.0992501470496079
51.5275196911584,-0.0998235673403924
51.5275374923992,-0.0998827895104152
51.527551796785,-0.0999444119450334
51.5276057302906,-0.100109807168865
51.5276364469037,-0.100211996926345
51.5276523671283,-0.100285511332425
51.5276703925002,-0.100392504294958
51.5276768694551,-0.100417823413225
51.5276711469794,-0.100435614447365
51.5276188575071,-0.100582957699709
51.5275348568493,-0.100858544668039
51.5274774333414,-0.101081353860525
51.5274192401066,-0.101303647186058
51.5274173658015,-0.101314422172615
51.5274147018425,-0.101324758611195
51.5273751036279,-0.101557378535545
51.5273347016392,-0.101789641085114
51.5273336822459,-0.101800708665755
51.52733184523,-0.1018115002257
51.5273106967752,-0.102050262546525
51.5272887230161,-0.102288832246837
51.527288574608,-0.102300017908615
51.5272875935018,-0.102311094424008
51.5272852282743,-0.102552234324155
51.5272820292302,-0.102793349374022
51.5272827541474,-0.102804476742375
51.5272826444212,-0.102815663556901
51.5272990997151,-0.103055378736955
51.5273147258294,-0.103295237230444
51.5273163126413,-0.103306130848035
51.5273170760252,-0.103317251568528
51.5273520923718,-0.103551762181015
51.5273862972527,-0.103786582018004
51.5273887209379,-0.103797070110765
51.5273903453953,-0.103807949386449
51.5274433706485,-0.104033557597285
51.5274956149555,-0.104259636102068
51.5274988372965,-0.104269553287165
51.5275012972133,-0.104280019572631
51.527571495251,-0.104493167854725
51.5276409551968,-0.104706940123029
51.5276449253814,-0.104716130015495
51.5276481819706,-0.104726018274621
51.5277344458715,-0.104923345485605
51.5278200262063,-0.105121440572928
51.5278246816292,-0.105129758251495
51.5278286835416,-0.105138912558201
51.5279296531843,-0.105317307197765
51.5280300043083,-0.105496600984029
51.5280730846034,-0.10556446889899
51.5280830925897,-0.105578366390465
51.5280920414724,-0.105594019368721
51.5281630338353,-0.10570352091255
51.5281630339028,-0.105703521004355
51.5281630339626,-0.105703521108936
51.5282314191527,-0.105809001707745
51.5282945626994,-0.105906962870225
51.5283370938945,-0.105996290515326
51.5283428092975,-0.106005597757155
51.5283477958429,-0.106015931128822
51.5284530620218,-0.106185138685665
51.5285576425671,-0.106355442760365
51.5285640386035,-0.106363525290345
51.5285697915187,-0.106372772673713
51.5286418317188,-0.106474864453181
51.5286753418736,-0.106516647318775
51.5287027102489,-0.1065612390944
51.5287582678424,-0.106641052516185
51.5289034891956,-0.106862909709565
51.5289431182108,-0.106939334499465
51.5290194529341,-0.10709490691759
