latb_out,lonb_out
51.5332477057068,-0.101979890654181
51.5332467999817,-0.101826377130445
51.5332505986507,-0.101672978208697
51.5332453125997,-0.101574277167785
51.5332447281385,-0.101475215436304
51.5332318602478,-0.101323095116475
51.533223668585,-0.101170140547689
51.5332107285929,-0.101073283070025
51.533202424989,-0.100975120371697
51.5331777978987,-0.100826792658265
51.5331577451138,-0.100676695026704
51.5331373552845,-0.100583208848265
51.5331214635124,-0.10048749351294
51.5330854656508,-0.100345297903885
51.5330538680539,-0.100200424764997
51.5328171355231,-0.0993004806522592
51.5327526570755,-0.0990927920559452
51.5326894850705,-0.0988840681765187
51.5326872171332,-0.0988784851159752
51.5326049915615,-0.0985493340713803
51.532596398185,-0.0985203458791352
51.5325898309275,-0.0984900193776621
51.5324699917654,-0.0980316075950552
51.5324491263795,-0.097891129098599
51.5324358550277,-0.0978344588388352
51.5324260081432,-0.097776011346246
51.5323805887087,-0.0975984650453152
51.5323385141679,-0.0974188017226114
51.5322565537666,-0.0971260425348552
51.5322071028927,-0.0969342407825958
51.5321921875808,-0.0968853245658852
51.5321803398877,-0.0968342857193186
51.5321231437572,-0.0966588886277352
51.5320841059684,-0.0965308604004852
51.5320055672549,-0.0962213360590552
51.5317677916424,-0.0952747483107125
51.5317411501568,-0.0951853193915252
51.5317188298217,-0.0950928841222499
51.5316734135669,-0.0949579443080252
51.5316321907731,-0.0948195695212662
51.5315987864775,-0.0947362138806452
51.5315815206781,-0.0946849141031852
51.5315205506689,-0.094440635499726
51.5315175898518,-0.0944306399576152
51.5315153958189,-0.0944201459077362
51.5312368189197,-0.0933215820567055
51.5312361997706,-0.0933195212172852
51.531235744659,-0.093317352708668
51.5310522841391,-0.0925962545342152
51.5309713016858,-0.0922768883106952
51.5308463090934,-0.0917777974884297
51.5308446330653,-0.0917721563903652
51.5308433986501,-0.0917662282151272
51.5307913573652,-0.0915602822833952
51.5307847576788,-0.0915045578129758
51.5307549817647,-0.0913570670100752
51.5307296890353,-0.0912074290721104
51.5307065725414,-0.0911172787310252
51.5306878485167,-0.0910245319082339
51.5305833914649,-0.0905999970952984
51.5305748639539,-0.0905708404852852
51.5305683727062,-0.0905403587994422
51.5305034974099,-0.0902885602228644
51.5304955218871,-0.0902623879029452
51.5304894022176,-0.0902349546258963
51.5304702597206,-0.0901635990178584
51.5304287750646,-0.0900323119242352
51.5303916243397,-0.089897712831396
51.5303034228609,-0.0896256577002752
51.5302514913679,-0.0894254578744852
51.5302367623058,-0.0893375749037681
51.5302050267936,-0.0892130572236352
51.5301778915242,-0.0890857606404688
51.5300538056318,-0.0886045644941452
51.5299804246784,-0.0883053524535445
51.5299506324392,-0.0882031928462952
51.5299253283061,-0.0880979524633911
51.5298481130835,-0.0878284902122975
51.529846197518,-0.0878227792237652
51.529844730245,-0.087816734892849
51.5297079083274,-0.0873432891966877
51.5296973449782,-0.0873120381951752
51.5296889386497,-0.0872791389804593
51.529622437331,-0.0870904286507552
51.5295580214973,-0.0868998584741506
51.529545104636,-0.0868709821998652
51.5295341993215,-0.0868400362647529
51.5294700382402,-0.0866820090624466
51.5294114672398,-0.0865558379116152
51.5293566746399,-0.0864253547642928
51.5293143277072,-0.0863370261697193
51.5292939290405,-0.0862995969784752
51.5292759805017,-0.0862590542899243
51.5291905548939,-0.0861099173906452
51.5291074503983,-0.0859574302650383
51.529084294028,-0.0859244060849552
51.5290633257549,-0.0858877994594564
51.528978936776,-0.0857733181039152
51.5289730479442,-0.0857630547788583
51.5289354966872,-0.0857122005392752
51.5288726056009,-0.0856225091697513
51.528855931352,-0.0856041710048452
51.5287567183379,-0.0854665376393216
51.5287443270019,-0.0854533067035152
51.5287329504548,-0.0854378998782679
51.5286170937457,-0.0853173574838152
51.5286183558069,-0.0852342391091652
51.5286240604695,-0.0850182643977127
51.5286221840582,-0.0849821134341152
51.5286227347142,-0.0849458476613941
51.5286200159382,-0.0849028413227852
51.5286250126792,-0.0848450778063492
51.5286261953302,-0.0846928713562952
51.5286321008708,-0.0845409494307199
51.5286320631031,-0.0844011578895858
51.5286230696182,-0.0841729819203452
51.528615753796,-0.0839446510839721
51.5286058425806,-0.0838058683228591
51.5285990400938,-0.0837447845038652
51.5285958660027,-0.0836829398112787
51.528580520277,-0.0835141927772497
51.528548961635,-0.0832738199830952
51.5285178995422,-0.083033280134863
51.5284941331441,-0.0828938921545512
51.528488117713,-0.0828656940805952
51.528484079943,-0.0828365993641824
51.5284582769425,-0.0826936121358854
51.5284580472488,-0.0826925852637952
51.5284578990718,-0.0826915202810782
51.5284049359177,-0.0824551448679552
51.528352053971,-0.082218729962261
51.5283517460076,-0.0822177574395652
51.5283515159614,-0.0822167307398211
51.5282805405914,-0.0819928966769552
51.5282096387779,-0.0817689946660502
51.5282092573979,-0.0817680918351752
51.5282089491157,-0.0817671196096464
51.5281680214276,-0.0816559138589439
51.5281179209991,-0.0815374511451652
51.5280719008625,-0.0814147861008188
51.527990596073,-0.0812259923876184
51.5279301058069,-0.0811028425781352
51.5278733276926,-0.0809752082085583
51.5272176280437,-0.0796814215234752
51.5270452002315,-0.0793312998921908
51.5270234676833,-0.0792924566407452
51.5270042484662,-0.0792503293947993
51.5267335518637,-0.0787290858619601
51.5267032363615,-0.0786776544797652
51.5266759347744,-0.0786220324830971
51.5264280716398,-0.0781775731247129
51.5263933525316,-0.0781226807775452
51.5263617226968,-0.0780631603565382
51.5261158984733,-0.0776554683190835
51.5260287403153,-0.0775280092671252
51.5259441128037,-0.0773962186647108
51.5259127164498,-0.0773583373483152
51.5258836788007,-0.0773158730361403
51.525787268615,-0.0772069780809252
51.5257249017848,-0.0771317292913252
51.5256651314438,-0.0769851751224267
51.5256355229321,-0.0769293482001752
51.5256091259293,-0.0768695043062248
51.525533770735,-0.0767374941798652
51.5254614614228,-0.0766011547922248
51.5254212018289,-0.0765342545653052
51.5251128455697,-0.0760179795985728
51.5250905577108,-0.0759850743881852
51.5250704587801,-0.0759487091972485
51.5249334167962,-0.0757301011007152
51.5249231164081,-0.0757128228463952
51.5249113724835,-0.0756687683557352
51.5248742938534,-0.0755671649420352
51.5248415347619,-0.0754617962770855
51.524794951723,-0.0753497504558352
51.524752532065,-0.0752335114777104
51.5247078225012,-0.0751401792161652
51.5246671048272,-0.0750422413112804
51.5246121514708,-0.0749404636990752
51.5245610017246,-0.0748336874057658
51.5245093664012,-0.0747500982757152
51.5244613323884,-0.0746611357908366
51.5243988754611,-0.0745712315433552
51.5243398024017,-0.0744756019369912
51.5242820556978,-0.0744030741687152
51.5242274629992,-0.0743244901636954
51.524154977246,-0.0742326552325052
51.5240333514986,-0.0740559466764471
51.5240033930401,-0.0740176294873052
51.5239758331427,-0.073974914585227
51.5236901870426,-0.0735847552929704
51.5236546086288,-0.0735420414523752
51.5236215681968,-0.0734943518447191
51.5232523092832,-0.0730252277293152
51.5229171647051,-0.0725908298219308
51.5228439944599,-0.0725076126934052
51.5227737240169,-0.0724181736432209
51.5221943716365,-0.0717715961231199
51.5221030361562,-0.0716827803120852
51.5220139991104,-0.0715881293907428
51.5218669339972,-0.0714523154742667
51.5218254141494,-0.0714193620259952
51.5217858730957,-0.0713806300408466
51.5214694193503,-0.0711129190384505
51.5214307133093,-0.0710850131113752
51.521393761486,-0.0710515245276524
51.5212875998149,-0.0709818324542452
51.5211829698653,-0.0709063973110113
51.521142392701,-0.0708865081744952
51.5211031206522,-0.0708607272078528
51.520992361064,-0.0708129692823452
51.5208826732477,-0.0707592051519671
51.5208408649201,-0.0707476463458352
51.5207998920255,-0.070729979428852
51.5205996904872,-0.0706649959051992
51.520505932366,-0.0706443060738452
51.5204129349359,-0.0706161174473931
51.5203505624996,-0.0706100202296652
51.5202886563302,-0.0705963592455393
51.5201940239029,-0.0705947177985952
51.5200995615297,-0.0705854836289625
51.5200511649606,-0.0705856454100652
51.5200288722158,-0.0705855327828752
51.519968560177,-0.0705738011635326
51.5199136782188,-0.0705742611140352
51.5198589569608,-0.0705675136285306
51.519756844772,-0.0705755754917252
51.5196546118484,-0.0705764322775499
51.5195025936791,-0.0705930820968727
51.5194944729471,-0.0705947999485852
51.5194862828401,-0.0705949546841688
51.5194360361819,-0.0706009888100552
51.5194070784123,-0.0706007725355433
51.5192565459743,-0.0706148642027163
51.5192179122564,-0.0706224145761952
51.5191790079478,-0.0706240688834116
51.5191744568545,-0.0706251901063052
51.5191695002195,-0.0706252316373327
51.5191677050119,-0.0706254282525252
51.5191514453619,-0.0706222912713632
51.5191186403941,-0.0706226173333652
51.5186896916159,-0.0702684462849393
51.5186887822544,-0.0702678080421352
51.5186879294476,-0.0702669927564949
51.518174731337,-0.0698440982754121
51.51815507665,-0.0698303336343952
51.5181364656076,-0.0698132284734026
51.5180112379862,-0.0697296000245952
51.5178869208469,-0.0696425377989462
51.5178663475763,-0.0696328405390652
51.5178465492578,-0.0696196189938011
51.5177476105316,-0.0695759269456052
51.5176127897066,-0.0694558883879307
51.5175828308858,-0.0694330400736952
51.51755442717,-0.0694055375508551
51.5171144163738,-0.0690379172279997
51.5171091783357,-0.0690341924430552
51.5171042586929,-0.069029478146776
51.5170062802477,-0.0689485328939684
51.5169958149485,-0.0689411828295352
51.5169859525533,-0.0689319270572554
51.5169071094913,-0.0688779244803852
51.5168894667406,-0.0688603132652052
51.516761873681,-0.0687315096330541
51.5166186662298,-0.0686063693818651
51.5165752209957,-0.0685739085579052
51.516533704429,-0.0685354796106733
51.5164329973854,-0.0684676438392752
51.5163339811093,-0.0683936621937754
51.5162883466268,-0.0683702077967052
51.516244160231,-0.0683404440568354
51.51613895643,-0.0682934268887752
51.5160349507845,-0.0682399719228034
51.5159878467983,-0.0682258937114752
51.5159416874388,-0.0682052643963356
51.5158336460725,-0.0681798069450552
51.515726291378,-0.0681477212936903
51.5156784607777,-0.0681432411164652
51.515631056438,-0.0681320713792538
51.5155218814431,-0.0681285747069452
51.5154128707787,-0.0681183639402944
51.5153650679008,-0.0681235522604252
51.5153171661813,-0.0681220180573123
51.5152085793623,-0.0681405368577952
51.5150996318635,-0.0681523615538248
51.5150526105701,-0.0681671363564452
51.5150049669219,-0.0681752616816218
51.5148800279165,-0.0682094283026003
51.5148376915004,-0.0682254575135752
51.5147946248126,-0.068235244977677
51.5146850196424,-0.0682832614007852
51.5145744431036,-0.0683251273599805
51.5145336907159,-0.0683495563916552
51.5144917269911,-0.0683679400861437
51.5143867311878,-0.0684376513272352
51.5142802918282,-0.0685014564350144
51.5142417661493,-0.0685338998670452
51.5142015671238,-0.0685605897334043
51.5141028364133,-0.0686508960516352
51.5140022127662,-0.0687356337263864
51.5139665213237,-0.0687755797877952
51.5139287209193,-0.068810154798291
51.5138378122152,-0.0689196317393552
51.5137445910578,-0.0690239653783379
51.5137122966706,-0.0690707840193352
51.5136774909774,-0.0691126988267425
51.5135958378126,-0.0692396197190652
51.5135114891717,-0.0693619037776877
51.5134831010783,-0.0694148566123152
51.5134781226672,-0.0694225950065152
51.513471069161,-0.0694214756689652
51.5134490336891,-0.0694170192799552
51.5134369585204,-0.0694138419286825
51.5134193908381,-0.0694110243970052
51.5133484464171,-0.0693966768060388
51.5133329805844,-0.0693966883423252
51.5132420038194,-0.0693751100336777
51.5131831415342,-0.0693731343733352
51.5131245581619,-0.0693637386827368
51.5130985580024,-0.0693648327993552
51.5130839859603,-0.0693626823694752
51.5129939524227,-0.0693482448143952
51.5129731292804,-0.0693428083824542
51.512952854549,-0.0693416544611552
51.5129375731605,-0.0693392039755451
51.5129277041465,-0.0693396195014352
51.5129178732501,-0.0693381687333477
51.5129081927579,-0.0693386990719852
51.5128113824477,-0.0693198208721138
51.512789217709,-0.0693199953028052
51.5127671705959,-0.0693163312877643
51.5127636152391,-0.0693164604427952
51.5126579810248,-0.0692898122066722
51.5125675609801,-0.0692762767894052
51.512477715334,-0.0692550602165094
51.5124214577596,-0.0692475322480852
51.5122644051652,-0.0692196702232352
51.5122336258481,-0.0692091413057352
51.5121142158721,-0.0691627736498115
51.5120801939029,-0.0691566556612452
51.5120467103176,-0.0691452016739244
51.5119242962136,-0.0691286214144652
51.511802211088,-0.0691066674999595
51.5117679801521,-0.0691074493372752
51.5117338672,-0.0691028289415853
51.5116204375743,-0.0690989530042155
51.5115770076643,-0.0691018554650752
51.511533593651,-0.0690984097553205
51.511326444838,-0.069102895661847
51.5113099525305,-0.0691049217282352
51.5112934230675,-0.0691039613495763
51.5111534907174,-0.0691241429330152
51.5110134058611,-0.0691413522421633
51.5109972016194,-0.0691466835497452
51.5109807276009,-0.0691490594962434
51.5108434729525,-0.0691972613443152
51.5107058349453,-0.0692425452005281
51.510690174336,-0.0692510976019852
51.5106740155389,-0.0692567723378629
51.5105416030431,-0.0693322337385152
51.5104085825089,-0.0694048774641595
51.5103937124989,-0.0694165160228152
51.5103781237452,-0.0694253999969462
51.5102526415219,-0.0695269303966952
51.5101263361535,-0.0696257879254193
51.5101124912362,-0.0696403290451452
51.510097718355,-0.0696522821050035
51.5099811451888,-0.0697782799302352
51.5098635467543,-0.0699017918929458
51.5098509452515,-0.0699190062178952
51.509837221204,-0.0699338398215648
51.5097313953471,-0.0700823177637952
51.5097164175638,-0.0701027782146652
51.5097023817884,-0.0700982457708852
51.5095699823574,-0.0700516739391106
51.5095485551581,-0.0700485719526152
51.5095274631925,-0.0700417609182217
51.5093922847517,-0.0700259488984252
51.5092572964437,-0.0700064068246609
51.5092357962278,-0.0700076442070452
51.5092143392853,-0.0700051343571022
51.5090789933953,-0.0700166685379052
51.508943545063,-0.0700244638726004
51.508922310886,-0.0700300210260152
51.5089008273734,-0.0700318518515983
51.508856462592,-0.0700401448772552
51.5088359803944,-0.0700460874724152
51.5088152176036,-0.0700484136134977
51.5082739317581,-0.0701642784099452
51.5067799298385,-0.0704752587491713
51.5067546217232,-0.0704831489357852
51.5067289384027,-0.0704867313694985
51.5066006030476,-0.0705311665806252
51.5064717263886,-0.0705713458226199
51.5064472333299,-0.0705842697631752
51.5064220319989,-0.0705929955461602
51.5062981750757,-0.0706629214348352
51.5061734488397,-0.0707287341401755
51.5061501570941,-0.0707464879293452
51.5061258351734,-0.0707602193532545
51.5050417895814,-0.0714981029173552
51.5049028457545,-0.0715846464346621
51.5048750151752,-0.0716052977082552
51.504846028951,-0.0716213276694742
51.5043376538872,-0.0719612085467267
51.5043261252816,-0.0719703197948152
51.5043140204567,-0.0719772378169891
51.5041520018452,-0.0720887025993752
51.5034886613103,-0.0725259239791514
51.5034829621036,-0.0725303711813252
51.5034769713109,-0.0725336845349502
51.5028099147419,-0.0729796885059352
51.5022189608989,-0.0733669603956311
51.5021770842735,-0.0733994697694652
51.5021335835179,-0.0734259067050352
51.5019701157853,-0.0735445972710195
51.5018595176629,-0.0736387549122552
51.5017474619245,-0.0737283525440436
51.5017209039363,-0.0737567636203052
51.5016927107445,-0.0737807658761651
51.5016578313559,-0.0738201769572352
51.5016297364513,-0.0738362147237452
51.5015888141115,-0.0738529670246415
51.5014819359397,-0.0739205855420852
51.5013736990361,-0.0739823717702608
51.5013359921126,-0.0740129196928052
51.5012975192997,-0.0740372602529652
51.5012798470297,-0.0740440773397498
51.5009500681517,-0.0742070803311168
51.5009321268236,-0.0742179723566252
51.5009135481794,-0.0742256243766953
51.5007440557647,-0.0743139881197452
51.4994523772518,-0.0748890802408957
51.4994297906852,-0.0749016376899652
51.4994065010143,-0.0749102646356338
51.4986988320885,-0.0752488232784352
51.4981378364395,-0.0755165018642752
51.4978225658049,-0.0756633492269952
51.4974846235805,-0.0758174908092051
51.4974832206982,-0.0758182866718252
51.4974817671742,-0.0758187966031363
51.4971788275587,-0.0759575956768982
51.4971615657028,-0.0759674253563252
51.4971437322344,-0.0759741221478838
51.4970136714158,-0.0760516430347952
51.4968829193721,-0.0761260991466525
51.4968665605641,-0.0761393263495952
51.4968493902575,-0.0761495604647744
51.4967575961602,-0.0762150786079716
51.4966537595067,-0.0763021182270552
51.4965482458967,-0.076383786688335
51.4965146975663,-0.0764186849490052
51.4964792635304,-0.0764483870328133
51.4964069855521,-0.0765289497152052
51.4963895874654,-0.0765434861009538
51.4963237182891,-0.0766166968231052
51.4962551686164,-0.0766832550025831
51.4961738561355,-0.0767738676939401
51.4961218279284,-0.0768399900572552
51.4960669504833,-0.0768998749532914
51.4959988430982,-0.0769962908036952
51.495927649282,-0.0770867706343602
51.4958811905472,-0.0771628449994252
51.49583141836,-0.0772333047262963
51.49573926845,-0.0773812717966156
51.4956991637438,-0.0774543148748752
51.4956556720449,-0.0775221732991078
51.4955954311994,-0.0776432439323352
51.495531609038,-0.0777594838343719
51.4954975197891,-0.0778400239798352
51.495459665728,-0.0779161021808022
51.4953061688489,-0.0782677886966552
51.4952027427455,-0.0785036907587398
51.4952019037269,-0.0785058852754052
51.4952009016968,-0.0785078956567124
51.494925342652,-0.0791381131289229
51.4949143603043,-0.0791669201902352
51.4949014944732,-0.0791936402815481
51.4947447795158,-0.0795651642030852
51.4947130870742,-0.079599214763877
51.4947094292177,-0.0796037032896852
51.4947054585321,-0.0796074435428936
51.4946155394879,-0.0797048230314352
51.4945138234951,-0.0798123028769384
51.4944082349621,-0.0799398214926852
51.4943010853279,-0.0800639338120747
51.4942372849057,-0.0801480995831661
51.4941940612397,-0.0802128327120652
51.4941478135532,-0.0802719284793362
51.4939848289258,-0.0805085001372118
51.4939835354879,-0.0805106292927552
51.4939820878262,-0.0805124847318582
51.4938012009382,-0.0807758201906288
51.4937709598504,-0.0808257476184552
51.4937380192193,-0.0808710544460817
51.4934249746268,-0.081359563089687
51.4933555326625,-0.0814824549353552
51.4932828663368,-0.0816004389727658
51.4932412737713,-0.0816770447484252
51.4930260346993,-0.0820574090101378
51.4930103807137,-0.0820888285830552
51.4929927512625,-0.0821174218404032
51.4929123539944,-0.0822855808817552
51.4928298776526,-0.0824511215624702
51.4928167987735,-0.0824854443188452
51.4928015394697,-0.0825173607006734
51.4927348976714,-0.0827003764668852
51.4926659887758,-0.0828812133120269
51.4926556912432,-0.0829178979848452
51.4926430426948,-0.0829526341991952
51.4925912071509,-0.0831476207662052
51.4925369523327,-0.0833409020434267
51.4925295985159,-0.0833793701667252
51.4925197601742,-0.0834163784496922
51.4924835482268,-0.0836202611571752
51.4924448030018,-0.0838229390508151
51.4924405088537,-0.0838625840514352
51.492433635855,-0.0839012808266105
51.4924136184908,-0.0841108448045852
51.4923936457024,-0.0842952402145952
51.4923797051997,-0.0843280973751752
51.4923501059921,-0.0843861112633311
51.4922913813434,-0.0845362728751952
51.4922292089998,-0.0846828103935116
51.4922079555403,-0.0847495964683052
51.4921831165922,-0.0848131107942637
51.4921365722805,-0.0849739085490752
51.4920863246299,-0.0851318048832107
51.4920704501545,-0.0852023422500152
51.4920507631475,-0.0852703554273432
51.4920171330819,-0.0854392537581452
51.491979602458,-0.0856060190417016
51.4919693572718,-0.0856791954426652
51.4919551326417,-0.0857506349787334
51.4919349470975,-0.0859249706467252
51.4919107252978,-0.0860979752270732
51.4919062709453,-0.0861726368039652
51.4918977329905,-0.0862463762107977
51.4918913102484,-0.0864234003448052
51.4918807792129,-0.0865999161702958
51.491874289844,-0.0869185059955603
51.4918756454244,-0.0869907607965752
51.4918744015243,-0.0870242623624052
51.4918699939076,-0.0870983311541317
51.4918418739705,-0.0884889392389089
51.4918450119406,-0.0886549319198652
51.4918437107201,-0.0888209879401573
51.491848668285,-0.0889793397503952
51.491840369006,-0.0891007096482173
51.4918352352523,-0.0892776663376652
51.491825984241,-0.0894541908447825
51.4918187892759,-0.0900005428206652
51.4918117409861,-0.0901137292278146
51.4918039046202,-0.090455058717277
51.4918048608217,-0.0905141825872452
51.4918039098926,-0.0905358836761952
51.4918034587475,-0.090543166484005
51.4918033176881,-0.0905493983375952
51.4918022755686,-0.0905731804760899
51.4918021460478,-0.0906011601452752
51.4918012106839,-0.0906424835194952
51.4917948588287,-0.0908782157186467
51.49179520996,-0.0909070188711952
51.4917883659651,-0.0910257647318622
51.4917628171626,-0.0924169729259092
51.4917635797793,-0.0924537055530452
51.4917618869229,-0.0924903579596429
51.4917688086262,-0.0927055611631652
51.4917725749812,-0.0928869735574852
51.491770386907,-0.0929461391900161
51.4917705011078,-0.0929985769617152
51.4917673692217,-0.0930507732535103
51.4917595631379,-0.0934277341266898
51.4917615340708,-0.0935347213860752
51.4917586829591,-0.0936416574696233
51.4917690612439,-0.0944738345144569
51.4917714788044,-0.0945205930820952
51.4917709101333,-0.0945675036904173
51.4917731664901,-0.09465102813414
51.4917831123424,-0.0948008933399252
51.4917883263261,-0.0949513746089114
51.4917946593063,-0.0950368654362937
51.491804491342,-0.0951230344767152
51.4918064419695,-0.0951524267486304
51.4918127119497,-0.0951950807860952
51.4918180585793,-0.0952419392346252
51.491838672405,-0.0954477826036314
51.4918615394343,-0.0956102635291289
51.4918748532282,-0.0956832153451052
51.4918841315827,-0.0957577615298789
51.4919235992099,-0.0959959235826158
51.4919469002235,-0.0961077458381052
51.4919654912785,-0.0962218211279921
51.4920643849008,-0.0967030004882252
51.4920883633419,-0.0968316061700798
51.4921010119276,-0.0968866119082852
51.4921103024319,-0.0969433187885849
51.4921778409664,-0.0972705157979652
51.4920664682935,-0.0973367716386652
51.4919532153427,-0.09739799891921
51.4919193713713,-0.0974242799114252
51.4918841200538,-0.0974452509953075
51.4917781480434,-0.0975339446173052
51.4916705658668,-0.0976174858277183
51.4916390395854,-0.0976503718977152
51.4916057026423,-0.0976782733616006
51.4915621267588,-0.0977267783102652
51.4915545017564,-0.0977333713251258
51.4915038257945,-0.0977914177172252
51.4914072724248,-0.0978921356177321
51.4913847822803,-0.0979189644500097
51.4913634180424,-0.0979479638675352
51.4913476641108,-0.097965499797487
51.4913315195541,-0.0979887845790452
51.491298895469,-0.0980261535871375
51.4912503863546,-0.0980894596934756
51.4911787896991,-0.0981955532465152
51.491104122988,-0.0982960390891307
51.4908697496802,-0.0986540057318052
51.4906384520828,-0.0990066910556252
51.4903599792978,-0.0994142532242735
51.4903369473538,-0.0994524802103452
51.4903116715864,-0.0994868560099906
51.4901778480039,-0.0996933828514952
51.4898990066383,-0.10008555394081
51.489825184972,-0.100203324925525
51.4897483205604,-0.100315962721427
51.4897139145727,-0.100380839538185
51.4896762690145,-0.100440897170004
51.4896122197853,-0.100572597849155
51.4895447512464,-0.100699818264292
51.4895100844972,-0.100774182056834
51.4895024651444,-0.100792866153365
51.4894935659691,-0.100810029184685
51.4894745867537,-0.100857717118985
51.4894161357297,-0.100979804643169
51.4893850492213,-0.101053941981085
51.489350322221,-0.101123787306622
51.4892974461386,-0.101262864104645
51.4892407711744,-0.101398026629845
51.489215715171,-0.101477836181935
51.4891867124652,-0.101554120264993
51.4891219399584,-0.101751352437418
51.4890617032066,-0.101966524068725
51.4890003861527,-0.102180907130363
51.4889443793086,-0.102414354301102
51.4889425756978,-0.102423556853845
51.4889400943855,-0.102432343059026
51.4888900283628,-0.102644046912814
51.48887386505,-0.102727918639895
51.4888653463723,-0.102759582451855
51.4887722831604,-0.103175447920202
51.4887588324671,-0.103249954717165
51.4887413992555,-0.103322301481986
51.4887151573286,-0.103491882371245
51.4886848594033,-0.103659710253003
51.4886806651062,-0.103702390058805
51.4886584903907,-0.103805271503639
51.4886395759712,-0.103914851758525
51.4886159994527,-0.104022075543007
51.4885976835235,-0.104157554692555
51.4885840544774,-0.104236514257675
51.4885134285787,-0.104391499002255
51.4884528325965,-0.104517005347165
51.4883142218424,-0.104771543019625
51.4882869805456,-0.104828410209415
51.4882566685429,-0.104881117432213
51.4880598589511,-0.105269683362126
51.4880299421813,-0.105336975248535
51.4879965955438,-0.105399971802164
51.4879388065174,-0.105541966990295
51.4878774289487,-0.105680023752836
51.487852999428,-0.105752806219565
51.487841442636,-0.105781202767625
51.487837195976,-0.105790960218058
51.4878360579775,-0.105794433576945
51.4878248318988,-0.105822017519033
51.4877977510297,-0.105898673114081
51.4877460183461,-0.106069249375675
51.4876910054494,-0.106237157805638
51.4876840130019,-0.106267109118055
51.4876006384189,-0.106521372846852
51.4875735181593,-0.106618412706475
51.4875420803384,-0.106712032588061
51.4871791634067,-0.107976968749585
51.487169724205,-0.107985825997945
51.4871517321504,-0.107998690100381
51.4870461602775,-0.108087321187265
51.4868442759956,-0.108251986211775
51.4868372427932,-0.108257310565875
51.4868075129323,-0.108274201700256
51.486695341932,-0.108364733954845
51.4865817868522,-0.108450698700955
51.4865551717392,-0.108477864118135
51.4865269945189,-0.108500605711599
51.486328527542,-0.108686721709891
51.4861988852603,-0.108826529319175
51.4860691866176,-0.108966200287536
51.485970454652,-0.109087620488053
51.4859245684483,-0.109151777750555
51.4858757445077,-0.109210074930065
51.485806288325,-0.109317154885705
51.4857336725628,-0.109418684934673
51.4856931551828,-0.109491571206585
51.4856492658965,-0.109559234913957
51.4856138532542,-0.109621147110509
51.4856043562902,-0.109640001505335
51.4855935897105,-0.109657005630904
51.4854589388183,-0.109898190424005
51.4853909333621,-0.110036581589035
51.4853197176742,-0.110170743655839
51.4852567150403,-0.110305762614928
51.4852213610889,-0.110392371355165
51.4851821114718,-0.110474539359066
51.4850812601829,-0.110715628938887
51.4850494375693,-0.110803109557155
51.485013611245,-0.110886502595836
51.4849640518174,-0.111018946193034
51.4849268278345,-0.111134257009185
51.4848852973954,-0.111245711090547
51.4848546539836,-0.111357833988615
51.4848195615768,-0.111466541701798
51.4847916303754,-0.111588434602345
51.484759125679,-0.111707367858661
51.4847374743767,-0.111824773586765
51.4847111426051,-0.111939686510049
51.4846929446131,-0.112066239398445
51.4846699781951,-0.112190776434427
51.4846576603923,-0.112311613726385
51.4846405044703,-0.112430919828163
51.4846323266303,-0.112560137203575
51.4846292490758,-0.112590327925385
51.4846097933025,-0.112763982685805
51.4845828610273,-0.112990294226147
51.4845679272333,-0.113179613719986
51.484561144647,-0.113351795763925
51.484550111502,-0.113523409827987
51.4845402717902,-0.113917729237209
51.4845404020068,-0.113926908909275
51.4845398407528,-0.113936046623866
51.4845280058177,-0.114471311954205
51.4845203442013,-0.114790143948046
51.4845207225054,-0.114815183737455
51.4845193370456,-0.114840131893606
51.4845138745431,-0.115175919527055
51.4845135398266,-0.115182827448076
51.4845132480191,-0.115214432826795
51.4845121919919,-0.115279348291518
51.4845125173218,-0.115293573934335
51.4845121414713,-0.115334281932715
51.4845060116306,-0.115485432892647
51.4845060072753,-0.115488603623635
51.4844952571542,-0.115581502254195
51.4844749000792,-0.115711982484798
51.4844740728185,-0.115719174289415
51.4844727065911,-0.115726150934715
51.4843928634798,-0.116245909580816
51.4843919809422,-0.116253740938895
51.4843905128902,-0.116261342335759
51.4843494779025,-0.116533083194244
51.4843484834847,-0.116542110874525
51.4843468172223,-0.116550879546833
51.4843031491686,-0.116845915127945
51.4842894251819,-0.116896672129638
51.4842652497485,-0.117029684849845
51.484236423624,-0.117160286425384
51.4842213118996,-0.117271429959575
51.4842014634768,-0.117380635559611
51.4840955237031,-0.118137297749305
51.4840621577448,-0.118338598633007
51.4840560888624,-0.118387347967865
51.4840469922764,-0.118434867427342
51.4839885418756,-0.118826192835355
51.4839849223065,-0.118859536885425
51.4839790690044,-0.118892052480923
51.4839399976696,-0.119174514551521
51.4839295499306,-0.119281361646495
51.4839143554423,-0.119386729806189
51.4838692057682,-0.119822871026258
51.4838660333763,-0.119872688933585
51.4838597570242,-0.119921741961462
51.4838236573266,-0.120333639821631
51.4838210858365,-0.120387165957005
51.483815234208,-0.120440022417086
51.4837840098623,-0.120881407976097
51.4837809938298,-0.120977636156015
51.4837733359818,-0.121073198296832
51.483773110506,-0.121229157943635
51.4837682285055,-0.121384920861109
51.4837727464139,-0.121480997403585
51.4837726071181,-0.121577347119486
51.4837921357417,-0.122095023282366
51.4837930530635,-0.122106906822545
51.4837930801016,-0.122118881228681
51.4838273624471,-0.122946138510475
51.4838424509773,-0.123132524049245
51.4838538178253,-0.123319589404746
51.4838864268168,-0.123643873399163
51.4839171079856,-0.123861213811085
51.4839458119063,-0.124079249657595
51.4840362473132,-0.12460162155237
51.484078791202,-0.124798513031615
51.4841186527703,-0.124996846889654
51.4841302205719,-0.125036526175335
51.4841391643047,-0.12507791742648
51.4841967392167,-0.125264695053405
51.4842517654382,-0.125453443204682
51.4843334078843,-0.125693045621615
51.4843659664458,-0.125811353831385
51.4844200857817,-0.126016141915491
51.4844293927053,-0.126041826152405
51.4844368727267,-0.12606900634406
51.4844862731125,-0.126200815253065
51.4845313640407,-0.126357896930745
51.4845480719819,-0.126435376748245
51.4845763567158,-0.126588983803729
51.4845993913751,-0.126673360422865
51.4846181644688,-0.126760416982779
51.4846623604972,-0.126904018127475
51.4847024103514,-0.127050721895031
51.4847156555021,-0.127091980460406
51.484741936937,-0.127162576832405
51.484757267848,-0.127212389823616
51.4847904716683,-0.127292949316055
51.4847929630827,-0.127299641675785
51.4848696152239,-0.127507928753067
51.4849678087989,-0.127740114623957
51.4849895601645,-0.127785175861195
51.4850084830445,-0.127833416890241
51.485508539864,-0.128946570088485
51.4856313598744,-0.129220450812143
51.485631501506,-0.129220728110015
51.4856316204139,-0.129221031692324
51.4857730292012,-0.129536249253471
51.4857758675391,-0.129541804428765
51.4857782634825,-0.129547873339637
51.4860293230136,-0.130103330149165
51.4862904149551,-0.130691437821805
51.4863082700539,-0.130726737938715
51.4863237696941,-0.130764799936123
51.4863977746429,-0.1309237632464
51.4864428083367,-0.131008791661645
51.4864840240544,-0.131098675484757
51.4865461340356,-0.131217684507655
51.4867330871255,-0.131701773443513
51.4867760413794,-0.131798815639345
51.4868148932696,-0.131900219299073
51.4868615344137,-0.132006386009129
51.4868901209744,-0.132063477228815
51.4869154270835,-0.132124430985928
51.4870336626965,-0.132373750914683
51.4870481467716,-0.132400611065145
51.4870607439307,-0.132429821632354
51.4871903545202,-0.132693335546715
51.4873516307018,-0.133038336214716
51.4873622148431,-0.133058240557165
51.4873713388242,-0.133079929364875
51.4874641171432,-0.133249876159895
51.4875303553664,-0.133374442551455
51.487591668596,-0.133525122187536
51.4876912698706,-0.133739222653875
51.4877014106169,-0.133758383066225
51.4877101394195,-0.133779259754326
51.4880112245148,-0.134409872748485
51.4880642253397,-0.134534802019516
51.488094002441,-0.134596303235435
51.4881203441296,-0.134661722188343
51.4882125300538,-0.134861878432035
51.4882261047276,-0.134887777857325
51.4882378476709,-0.134915891726167
51.4882897655129,-0.135024735583815
51.4885169440053,-0.135503157513819
51.4885288403894,-0.135525191076785
51.4885391415586,-0.135549207974079
51.488607188363,-0.135671606335035
51.4886316810594,-0.135735506784489
51.4886702136446,-0.135812433310455
51.4887049722454,-0.135893864846911
51.4887988356272,-0.136086595473909
51.4888183708307,-0.136121894489655
51.4888355626042,-0.136160209113047
51.489024402976,-0.136529733750825
51.4890644014198,-0.136614181422295
51.4890992051348,-0.136688881235725
51.4891125423255,-0.136721205875135
51.4891762122038,-0.136885736554624
51.4891991910051,-0.136931211669435
51.4892193341239,-0.136980031474696
51.4893426066995,-0.137241521451566
51.4893549026157,-0.137264456051885
51.4893655471437,-0.137289430224816
51.489442329117,-0.137447308893685
51.489682100597,-0.13795012460021
51.4897443488956,-0.138064943159655
51.4897522102936,-0.138080992646915
51.4898032859348,-0.138202534148143
51.4900687631956,-0.138755877783515
51.4901129362127,-0.138849373606191
51.4901159280044,-0.138854942032195
51.4901184756144,-0.138861053820354
51.4903477348775,-0.139342638422165
51.4904431462237,-0.13954723394894
51.4904501659144,-0.139560465991415
51.4904561757546,-0.139574923746454
51.4905944807614,-0.139866219369523
51.490650098241,-0.139969241576675
51.4907019203697,-0.140077248363905
51.4907485958604,-0.140152691795725
51.4907994169927,-0.140260393695245
51.4909208673636,-0.14051881479063
51.4909331363295,-0.140541767984895
51.4909437527343,-0.140566756060097
51.4914282904938,-0.141566146944845
51.4917279454502,-0.142196343880685
51.4918626295205,-0.142510167082443
51.4919063912803,-0.142599555607055
51.4919462091005,-0.142693580375016
51.4920033242185,-0.142797552496665
51.492056685167,-0.14290654848972
51.4921070770869,-0.142986423784235
51.4921539179287,-0.143071692656545
51.4922856444097,-0.143283103544788
51.4923702361172,-0.143402795574255
51.492452133143,-0.143527229000596
51.4925707085441,-0.143685963649288
51.4926743423187,-0.143807834789555
51.4927762142223,-0.143933480821692
51.4929285030605,-0.144097975765986
51.4929513457083,-0.144119433392765
51.4929726700551,-0.144144601658592
51.4932588226466,-0.144439778273589
51.4932622659494,-0.144442857830715
51.4932654491564,-0.144446590176936
51.4933837673477,-0.144567798536125
51.4933913005538,-0.144576375246725
51.4934406217973,-0.144641905943476
51.4935192438375,-0.144722041316835
51.4935952111346,-0.144808531653118
51.4937039014443,-0.14491648147752
51.4937533732289,-0.144958964708365
51.4938005486532,-0.145007724053019
51.4939681626419,-0.145157948035875
51.4940407994443,-0.14522664977298
51.4940922304813,-0.145268545588525
51.4941237318335,-0.145302667258179
51.4941492107473,-0.145323335208375
51.4941732340168,-0.145348095831366
51.4942892488484,-0.145436931122395
51.4944039729984,-0.145529992900438
51.4944308637049,-0.145545368955905
51.4944566296487,-0.145565098546465
51.4945786615145,-0.145629879465935
51.4946008500315,-0.145642566818315
51.4946203350566,-0.145657741400758
51.4946875379669,-0.145694208580185
51.494753017775,-0.145738024997084
51.4949185366741,-0.145829656563982
51.4949678441051,-0.145851497187445
51.4950158235819,-0.145879965753776
51.4950453603284,-0.145890983999755
51.4954010163332,-0.146106708930445
51.4954726037986,-0.146150410590903
51.4954958542967,-0.146161978135215
51.4955182105376,-0.146177439870793
51.4956457245387,-0.146236541298115
51.495772499791,-0.146299614284803
51.4957964695577,-0.146306410063155
51.4958133981258,-0.146314256280265
51.4958067427021,-0.146588827971014
51.495808927564,-0.146735623569725
51.4958063102928,-0.14688240102361
51.4958126756888,-0.146987451032735
51.4958142461605,-0.147092967233695
51.495827867486,-0.147238165745075
51.4958367231144,-0.147384312794582
51.4958512348189,-0.147487253248195
51.4958610257826,-0.147591621458007
51.4958858687959,-0.147732933367685
51.4959060576822,-0.147876145566778
51.4959287898548,-0.148000541123791
51.4959492800296,-0.148091172818855
51.4959653305115,-0.148184084922541
51.4960028113445,-0.148327951365815
51.4960359523873,-0.148474540105021
51.4960633525285,-0.148560332669285
51.4960865259003,-0.14864928134844
51.496134936333,-0.148784468672675
51.4961792536537,-0.148923230606872
51.4962131317041,-0.149002831170635
51.4962430625667,-0.149086413840664
51.4962827918951,-0.14918280223313
51.4962968524813,-0.149212657328145
51.4963088469078,-0.149244754466593
51.4963915098812,-0.149413645085575
51.4964722011763,-0.149584978361758
51.49648848034,-0.149611767656565
51.4965028845643,-0.149641197257892
51.4965980732958,-0.149792115864765
51.4966914967281,-0.149945855204116
51.4967097377655,-0.149969156213235
51.4967263246551,-0.149995454181834
51.4967653932218,-0.150050057555611
51.4968335778718,-0.150133876103705
51.4968986800974,-0.150223796918576
51.4969581153458,-0.150286968482495
51.4970147122208,-0.150356542321999
51.4970888991672,-0.150425973849765
51.4971605041255,-0.150502080155809
51.4972658743398,-0.150599376304073
51.4973020732102,-0.150628104477665
51.4973364466991,-0.150662130186523
51.4976732662785,-0.1509503338755
51.4976925110634,-0.150964385338685
51.4977106926304,-0.150981709735319
51.4979284318372,-0.151160508454695
51.4983534401908,-0.151528783594395
51.4984320483176,-0.151650577942126
51.4984364694507,-0.151656614896815
51.4984404045348,-0.151663465100966
51.4985294019575,-0.151800084473865
51.4986718589633,-0.152028340377972
51.4986825082435,-0.152043383422085
51.4986920196725,-0.152060279823595
51.4990468602501,-0.152616107490225
51.499530005926,-0.153377843012156
51.4995308292182,-0.153378987198235
51.4995315574576,-0.153380287095734
51.4996573907803,-0.153578337308665
51.4996607593583,-0.153583010675615
51.4996637485184,-0.153588308343198
51.4997540739214,-0.153729466114345
51.49987234751,-0.153892377633875
51.4999905258265,-0.154055468677545
51.5000634802276,-0.154143991876356
51.5001464642912,-0.154232111403555
51.5001602822555,-0.154248301582315
51.5001500246465,-0.154313938237696
51.500131068091,-0.154478347759855
51.5001077917842,-0.154641319470888
51.500102504677,-0.154726077219275
51.5000928473468,-0.154809834895664
51.5000868670471,-0.154976764455625
51.5000764888836,-0.155143137054346
51.5000778560388,-0.155228290921195
51.5000748094033,-0.155313332400926
51.5000818996623,-0.155480149794325
51.5000845832776,-0.155647299961731
51.5000925831373,-0.155731507249285
51.5000961952364,-0.155816491586935
51.5001162442542,-0.155980566427205
51.5001319473334,-0.156145858540488
51.5001464537547,-0.156227791454595
51.5001566676337,-0.156311378620093
51.5001893592734,-0.156470123738235
51.5002178342124,-0.156630951464257
51.5002386184534,-0.156709318052585
51.5002552730622,-0.156790190039241
51.5003000918303,-0.156941102260685
51.50034088964,-0.157094929632773
51.5003676239642,-0.157168494150005
51.5003904566967,-0.157245375745332
51.5004466958666,-0.157386075349805
51.5004991732502,-0.157530476733329
51.5005314360922,-0.157598079123505
51.5005600869248,-0.157669758005472
51.5006268596772,-0.157798026246055
51.5006901891682,-0.157930724566844
51.5007274717788,-0.157991298753065
51.5007614889443,-0.158056644598688
51.5008377423476,-0.158170458684775
51.5009109253493,-0.158289361323324
51.5009526398171,-0.158341952020215
51.500991486923,-0.158399934322265
51.5010760185331,-0.158497499316295
51.5011579010566,-0.158600731101663
51.501203389577,-0.158644508880265
51.5012464540588,-0.158694213196905
51.5013379308776,-0.158773990323605
51.5014272217286,-0.158859923105643
51.501475766976,-0.158894197475865
51.501522369751,-0.158934839854382
51.5016193492433,-0.158995570772995
51.5017146403738,-0.159062849109515
51.5017654768072,-0.159087079410445
51.5018148829836,-0.15911801876073
51.5019158358571,-0.159158745434025
51.5020156245273,-0.159206307966532
51.5020676189567,-0.159225477499218
51.5021070081822,-0.159235868675455
51.5021193809217,-0.159240860118537
51.5021201062647,-0.159241001066215
51.5021500756637,-0.159253536233085
51.5022640300642,-0.159277292238125
51.502377422124,-0.15930720592299
51.5024195805557,-0.159309719755155
51.5024614177194,-0.159318441523391
51.5025763269058,-0.159319066260695
51.5026911586786,-0.159325913474722
51.5027331807986,-0.159319919042675
51.502775368519,-0.15932014840853
51.5028894203547,-0.159297631556945
51.503003880837,-0.15928130383285
51.5030451039335,-0.159266895497195
51.5030869768737,-0.15925862867032
51.503198372679,-0.159213324860385
51.5033106567127,-0.15917407923876
51.5033504306599,-0.159151484058995
51.5033913284357,-0.159134851250793
51.503498311378,-0.159067474508805
51.5036066480989,-0.159005929506137
51.5036443456097,-0.158975503671795
51.5036836232066,-0.158950767050642
51.5037845060083,-0.158862379569305
51.5038871867802,-0.158779505445894
51.5039222133002,-0.158741728670515
51.5039592512482,-0.15870927823419
51.5040524428015,-0.158601273649115
51.5041478481697,-0.158498377124819
51.5041796512562,-0.158453845090475
51.5042138654017,-0.158414192520455
51.5042978958692,-0.158288273954305
51.5043845211069,-0.158166977612266
51.5044125991457,-0.158116392581665
51.5044434498659,-0.158070163177383
51.5045169938731,-0.157928316393945
51.5045934727177,-0.15779053309894
51.5046173828379,-0.157734692844125
51.5046443835531,-0.157682615662821
51.504706281103,-0.157527077753605
51.5047714073084,-0.157374980487926
51.5047907723728,-0.157314765707415
51.5048134972212,-0.157257662067492
51.504862772,-0.157090886166145
51.5049155183663,-0.156926873756873
51.5049300329238,-0.156863234181045
51.5049481234793,-0.156802004708928
51.5049839982565,-0.156626621326545
51.5050235328442,-0.156453280568656
51.5050329679554,-0.156387219938945
51.5050461388753,-0.156322830396679
51.5052067755156,-0.155331431190455
51.5053727886352,-0.155530159233811
51.5053794749826,-0.155537159361085
51.5053855953399,-0.15554538811731
51.5060838802334,-0.156370238116377
51.506084114095,-0.156370479565225
51.5060843273186,-0.15637076612391
51.5064347922324,-0.156784572899158
51.5065372251677,-0.156890279644815
51.5066377600194,-0.157000591365163
51.5067723847329,-0.157129176695635
51.5067881208535,-0.157142131852435
51.5068028617958,-0.157157820608388
51.507207541797,-0.157532026547712
51.5072164663967,-0.157539120247105
51.5072248108041,-0.15754784877926
51.5072528785319,-0.157573328045055
51.5073923551774,-0.157723489241685
51.5074366938205,-0.157780772604585
51.5075032311273,-0.157876711434794
51.5075490372376,-0.157927683198155
51.5075621257711,-0.157949152182393
51.5079609116737,-0.158525931112275
51.5081565717278,-0.158814667643094
51.5082168844946,-0.158893046781935
51.508273973781,-0.15897742886051
51.5083388138927,-0.159051499490255
51.5083388475902,-0.159051543281635
51.5083689064735,-0.159094259755715
51.508422498733,-0.159180989584117
51.5084863726331,-0.159261190114235
51.5085470941816,-0.159347481092852
51.508619078603,-0.159437493152323
51.5086348074609,-0.159454727467155
51.5086395712175,-0.159460660159535
51.5087298412716,-0.159580678649491
51.5089052147667,-0.159785460042957
51.5090003949519,-0.159882541710705
51.5090933740657,-0.159984983593585
51.5091328161695,-0.160017608401505
51.5091702690263,-0.160055809480849
51.5092722715254,-0.160132959860075
51.5093286135772,-0.160179563576515
51.5093413496301,-0.160191058127773
51.509359435324,-0.160205057996675
51.509372508401,-0.160215871482433
51.5093823097344,-0.160222764740405
51.5093873081198,-0.160226633916911
51.5093943714612,-0.160231247728605
51.5094239601925,-0.160252057423689
51.5094460399118,-0.160264997832015
51.5094519235183,-0.160268841034645
51.5094543217711,-0.160270654971752
51.5094562119846,-0.160271642283385
51.509488184654,-0.160292526999005
51.5095874069977,-0.160364615882751
51.5097339956684,-0.160453764912812
51.5097911447507,-0.160482069817795
51.5098169907085,-0.160501734504564
51.5098398320088,-0.160513757802905
51.5098617490424,-0.160529612781357
51.5099075845222,-0.160557351707576
51.5099078774238,-0.160557495941745
51.5099081568336,-0.160557697937674
51.5100579662285,-0.160631404498775
51.5102077560449,-0.160705165824376
51.5102080579062,-0.160705249943665
51.5102083508513,-0.160705394073375
51.510208452073,-0.160705422239695
51.5102572214952,-0.160734669369895
51.5104030915611,-0.160822409042879
51.5104840392459,-0.160861984124125
51.5105146828113,-0.160888324520833
51.5105698555926,-0.160922257817845
51.5106232045131,-0.160963032877587
51.5107163227529,-0.161012340527695
51.5108078890292,-0.161068657167482
51.51090892361,-0.161119363068735
51.5109694873488,-0.161143168080525
51.5109750328659,-0.161167804510225
51.5109818734229,-0.161211952520399
51.5110283916182,-0.161404855292025
51.5110721823556,-0.161599399356214
51.5110850737916,-0.161639906292625
51.5110953039176,-0.161682328825507
51.5111565015522,-0.161864343644535
51.5112151212801,-0.162048536126229
51.5112310705685,-0.162086127804935
51.5112445289575,-0.162126155924707
51.5113194410315,-0.162294412586585
51.5113919654319,-0.162465348987434
51.5114107210712,-0.162499432604715
51.511427195513,-0.16253643511228
51.5115146407563,-0.162688280274455
51.5115999262498,-0.162843265027194
51.5116211924821,-0.162873303078195
51.5116404232063,-0.162906696460306
51.5117382314095,-0.163038667800255
51.5117928693326,-0.163149825140414
51.5118317099394,-0.163211151594015
51.5118672886141,-0.163277391237268
51.5119216376989,-0.163366582044335
51.5120122317467,-0.163497673001045
51.5121004980715,-0.163632802707761
51.5121078024379,-0.163641460550135
51.5121727256469,-0.163760783488188
51.5122441501329,-0.163876508555715
51.5123122991966,-0.163997226157111
51.5123958828592,-0.164127780967369
51.5124247809199,-0.164167564675405
51.5124511933659,-0.164211584270603
51.5125943747345,-0.164422010352145
51.5128140967181,-0.164768111854443
51.5128152426937,-0.164769703011755
51.5128162568947,-0.164771510434437
51.513020866856,-0.165093033858777
51.5130355949674,-0.165113433798445
51.5130488386159,-0.165136311160417
51.5132091474738,-0.165380512580165
51.513351640946,-0.165611183387435
51.5133877115255,-0.165662666070995
51.5134208584784,-0.165718995530961
51.5135397056502,-0.165897099409159
51.5135779193217,-0.165947543767785
51.5136132909584,-0.166003083458374
51.5136774872308,-0.166091931679405
51.5142074450572,-0.166869447374615
51.5142101307371,-0.166872916888545
51.5142125314895,-0.16687688936148
51.5143324621956,-0.167030951623785
51.5144521290434,-0.167185544063238
51.514455064181,-0.167188445395305
51.5144577558092,-0.167191903044608
51.5144745633701,-0.167210842400005
51.5145959974845,-0.167390805713295
51.5146427660754,-0.167477886003111
51.514747660844,-0.167650041266035
51.5148519496163,-0.167823145370825
51.5151666955066,-0.168283827102669
51.5152618575512,-0.168406465745905
51.5152816112596,-0.168440854071174
51.5152897369288,-0.168451845997025
51.5152970071949,-0.168464289029105
51.515501403267,-0.168772780731168
51.515517872096,-0.168794678237835
51.5155916614533,-0.168912911503114
51.5158006913563,-0.169208189794185
51.5159227237919,-0.169398862937463
51.5159868000943,-0.169487105724635
51.5160475759316,-0.169581185406878
51.516147514643,-0.169717523127774
51.5161552747932,-0.169726828176225
51.5161622998186,-0.169737535784158
51.5164750553828,-0.170157563011128
51.5165180252212,-0.170208261855875
51.5165582301354,-0.170264514093865
51.5166444461354,-0.170357422163355
51.516728121391,-0.170456148129048
51.5167747064593,-0.170497793268615
51.5168189815555,-0.170545504989262
51.5169117636763,-0.170620316796705
51.5170024789854,-0.17070141256073
51.5170519446448,-0.170733347103975
51.5170995917637,-0.17077176578914
51.517197476897,-0.170827301294795
51.5172938017252,-0.170889487656667
51.5173453679224,-0.170911207835155
51.517395635694,-0.170939727448098
51.5174970802242,-0.170975110516655
51.5175974955569,-0.171017406421101
51.5176503491032,-0.171028569517735
51.5177024448106,-0.171046740098097
51.5178058489498,-0.171061412343565
51.5179087712456,-0.171083150365249
51.517950337514,-0.171083485471445
51.5179543850773,-0.171084363977047
51.5179690266811,-0.171084565998225
51.5180151807186,-0.171091114898234
51.5180696953781,-0.171093326155796
51.5181689769645,-0.171087324862255
51.5182683261036,-0.171088695656851
51.5183256984701,-0.171077851486655
51.5183834261162,-0.171074362012307
51.5184814568303,-0.171048411003905
51.5185801294284,-0.171029760519168
51.5186362036513,-0.171007445923855
51.5186932039341,-0.170992356624219
51.5187884377157,-0.170946864762545
51.5188848776333,-0.170908486740998
51.5189387693707,-0.170875053407985
51.5189941433206,-0.170848602037203
51.5190850782192,-0.170784286387095
51.519177764468,-0.170726785731716
51.5192050687293,-0.170703150523975
51.5192090423353,-0.170701460574902
51.5193408554048,-0.170615775094065
51.5194732920105,-0.170532606115749
51.5194863287558,-0.170521209706355
51.51950008664,-0.170512266352508
51.5196241776857,-0.170400705484495
51.5197490834913,-0.170291515830984
51.519761128632,-0.170277583253195
51.5197740805183,-0.170265939192407
51.5198884923169,-0.170130262064765
51.5200038974065,-0.169996773347356
51.5200147609787,-0.169980524279395
51.5200267025768,-0.169966363137318
51.5202135027839,-0.169714248262335
51.5202889293173,-0.169617247057845
51.5203935177318,-0.169583709922511
51.5204398359839,-0.169563925681485
51.5204870521695,-0.169550711323394
51.5206520172987,-0.16948716612674
51.5206568652742,-0.169484772362815
51.520661858239,-0.169483341466428
51.5208069002555,-0.169410690237425
51.5209521250625,-0.16933898321106
51.520956748163,-0.169335631748115
51.5209615901235,-0.169333206420744
51.5211117234667,-0.169241016104081
51.5211971083829,-0.169178446818185
51.5212843537676,-0.169122897570854
51.5213398025297,-0.169073881852215
51.5213973829414,-0.169031687453107
51.5214772150309,-0.168952411647545
51.5215594401759,-0.168879726083262
51.5215616253786,-0.168877496265465
51.5216173246478,-0.168830711484105
51.5217452558637,-0.168726056818703
51.5217564034457,-0.168713891797795
51.5217683454509,-0.168703861071908
51.5218862308617,-0.168572215044165
51.5220049916512,-0.16844261496716
51.5220151026377,-0.168428300226585
51.5220261681792,-0.168415943018258
51.5221068238176,-0.168313225851758
51.522175265361,-0.168214205819565
51.5222587051152,-0.168104650448988
51.5222747362146,-0.168077549672595
51.5222924777626,-0.168053357756525
51.5223208384231,-0.168003593250455
51.5223401592655,-0.167975640192486
51.5223909646329,-0.167881064059955
51.5224750239561,-0.167738960709939
51.5224888151448,-0.167708844170455
51.5225045301247,-0.167681269064542
51.5225328885267,-0.167616867309605
51.5225453274379,-0.167593711801254
51.5225798596078,-0.167510196275825
51.5225818157645,-0.167505753856165
51.5226611179678,-0.167332577489771
51.5226724517173,-0.167299920169625
51.5226858922688,-0.16726939676049
51.522712256172,-0.167189997207945
51.5227190923112,-0.167173464109694
51.5227370971367,-0.167115184253705
51.5227488806028,-0.167079696263845
51.5227869510373,-0.166969999259505
51.5227872009677,-0.166969475609603
51.5228162266481,-0.166889615170965
51.5228491145575,-0.166813720398657
51.5228953317199,-0.166671967706255
51.5229455563119,-0.166533781179655
51.522968125075,-0.166448703154325
51.5229948348556,-0.166366781566894
51.5230296327673,-0.166216836082925
51.5230686846083,-0.166069621390243
51.5230844404754,-0.165980667647865
51.5231045508366,-0.165894011360305
51.5231958665228,-0.165409569460604
51.5232111302493,-0.165305418034415
51.523231043855,-0.165203315236955
51.5232959844489,-0.164778505417745
51.5233177996543,-0.164661035919952
51.5233266384645,-0.164599595312585
51.5233390380584,-0.16453976563745
51.5234096425304,-0.164110944924858
51.5234169071137,-0.164052095362475
51.5234276421956,-0.163994633193384
51.5234511727368,-0.163832279424988
51.5234667530911,-0.163682838566895
51.5234869841611,-0.16353484409644
51.5234888583439,-0.163501688402685
51.5236050921933,-0.162846132253635
51.5236269838101,-0.162735842259621
51.5236350625004,-0.162684124716195
51.5236462870504,-0.162633946686445
51.523704191899,-0.162313079184829
51.5237233754542,-0.162174851286495
51.5237472735343,-0.162038534406325
51.5237552810534,-0.161952785315045
51.5237991156345,-0.161702414880765
51.523812437048,-0.161640366880345
51.5238423180308,-0.161525492044847
51.5238635907175,-0.161402105158195
51.5238895759367,-0.161281072138816
51.5239291205999,-0.161050916199997
51.5239482809479,-0.160903984461915
51.5239720721438,-0.160758811660177
51.5239804510106,-0.160657287313025
51.5239873357244,-0.160604491665785
51.5239971544812,-0.160549499754903
51.5240100803607,-0.160415479894145
51.5240278327926,-0.160282894831748
51.5240341030381,-0.160166404704525
51.5240452470824,-0.160050859509353
51.5240476195044,-0.159915292548375
51.5240548923069,-0.159780176678839
51.5240520286386,-0.159663342043285
51.5240522524711,-0.159650551614775
51.524063721237,-0.15962780882094
51.5241237755449,-0.159472283028385
51.524187135567,-0.159320182943136
51.5242064866804,-0.159258081660785
51.5242292738297,-0.159199068584607
51.5242767260127,-0.159032670724605
51.5243277249577,-0.158869005730406
51.5243420805553,-0.158803495682835
51.5243600859134,-0.158740357322222
51.5243941875104,-0.158565711844945
51.5244320209746,-0.158393063370624
51.5244957432192,-0.158031180661045
51.5244982668771,-0.158012423180755
51.5245021258327,-0.157994262074282
51.5245576693936,-0.157666938832557
51.5245889303055,-0.157423359902395
51.5246204628201,-0.157179871405085
51.5246282807853,-0.157092213539165
51.5246393439599,-0.157027005282471
51.5246445937325,-0.156986090499485
51.5246524802253,-0.15694628415536
51.5246762820447,-0.156739123530725
51.5247027551266,-0.15653280213565
51.5247047728126,-0.156491152348425
51.5247094928589,-0.156450071130127
51.5247114872771,-0.156393834020525
51.524723706206,-0.156328513879566
51.5247249024905,-0.156320273077585
51.5247267112149,-0.156312325979151
51.5247970987965,-0.155930211392345
51.5248397801262,-0.155802655835718
51.5248465394913,-0.155774458735385
51.5248551947855,-0.155747633799159
51.5249029534395,-0.155539124539085
51.5249526550273,-0.155331791360315
51.5249571621936,-0.155302454820715
51.5249636573277,-0.15527409774846
51.5250772834832,-0.154661887393263
51.5250868217006,-0.154595535860225
51.5251001044082,-0.154530869297816
51.525143116353,-0.154266785145795
51.5251677035957,-0.154189168216089
51.5251855868072,-0.154109253718675
51.5252075512225,-0.154032012563754
51.5252386684661,-0.153872048332545
51.525273960573,-0.153714338908386
51.5253368899983,-0.153365788114612
51.5253383311154,-0.153355410146325
51.525340537259,-0.153345385425529
51.5253725202768,-0.153109202500605
51.525405279109,-0.152873295136677
51.5254058995628,-0.152862708643935
51.5254073065509,-0.152852318549829
51.5254206191863,-0.152611555089775
51.5254347230438,-0.152370908041212
51.5254345130436,-0.152360280037585
51.5254350986902,-0.152349688423238
51.5254308698555,-0.152166225987505
51.5254585088701,-0.151858745853045
51.5254857953723,-0.151563711346096
51.5254907341045,-0.151470253801295
51.5254938174095,-0.151440260447815
51.525498909461,-0.151402163257823
51.5255001904082,-0.151378266059665
51.5255002471109,-0.15137771447473
51.5255060449012,-0.151285683718865
51.5255140852639,-0.151206926657824
51.5255252063639,-0.151028421130812
51.5255256383515,-0.151009647135825
51.5255274232118,-0.150991080642987
51.5255309977357,-0.150927745052365
51.5255583875877,-0.150712167219351
51.5255585630641,-0.150708452051105
51.5255590226689,-0.150704800161876
51.5255613054106,-0.150655255387335
51.5255637280316,-0.150637980270669
51.5255730426112,-0.150544533606208
51.5255750697481,-0.150510707428575
51.5255767058024,-0.150499458565152
51.5255770520811,-0.150494124817235
51.5255831963642,-0.150453716146025
51.5255930097573,-0.150315987125685
51.5255951867546,-0.15029945831264
51.5256030421075,-0.150213461410205
51.5256096213235,-0.150149226450687
51.525609865542,-0.150138761490995
51.5256421143938,-0.149785715435855
51.5256523623819,-0.149686368789221
51.5256524311395,-0.149685283377045
51.5256526480188,-0.149684457110134
51.5256724055161,-0.149571281658885
51.5256968456438,-0.149460493659559
51.5257637213137,-0.149083719811231
51.5257661917929,-0.149065542332735
51.525769959275,-0.14904794913057
51.5257996836355,-0.148819113522485
51.5258307229924,-0.148590729796509
51.5258317564783,-0.148572197915315
51.5258341222953,-0.148553984464998
51.5258457672238,-0.148320965212085
51.5258587520348,-0.148088128980265
51.5258583322217,-0.148069535035485
51.5258592590639,-0.148050988586625
51.5258526409062,-0.147817460954935
51.5258473663365,-0.147583844959304
51.5258454998461,-0.147565482237035
51.5258449730942,-0.147546895325632
51.5258384789924,-0.147486519104635
51.5259034516418,-0.147359592192855
51.5259266353058,-0.147300524146105
51.5259530606746,-0.14724508429595
51.5260103243739,-0.147087298583705
51.5260709621659,-0.146932803766291
51.5260893568269,-0.146869530747765
51.526111250538,-0.146809204313329
51.5261557583794,-0.146641126067165
51.5262038703029,-0.14647563312139
51.5262171858152,-0.146409153107665
51.5262342025504,-0.146344891554796
51.526265252493,-0.146169171849515
51.5263000797015,-0.145995290947241
51.5263081060378,-0.145926652488335
51.526319977391,-0.145859469411303
51.5263533798672,-0.145612300980181
51.5263610986519,-0.145530793516285
51.5263730781375,-0.145450627176328
51.5263846999849,-0.145281572316065
51.5264006235615,-0.145113425336034
51.5264019254551,-0.145031005486185
51.5264075590227,-0.144949057930824
51.5264101898031,-0.144859564919063
51.5264100381382,-0.144843961132645
51.526411029602,-0.144828437025866
51.5264154044892,-0.144650320287962
51.5264147263556,-0.144603705040995
51.5264170190209,-0.144557222904133
51.5264177211633,-0.14448789611189
51.5264160744724,-0.144431088871615
51.526417872424,-0.144374293410941
51.5264087736025,-0.144179224799725
51.5264083272315,-0.144163825972515
51.5264080655234,-0.1441458360229
51.5264076888901,-0.144141804588825
51.52640310936,-0.143983820798552
51.5263970457786,-0.143927793301165
51.5263944005976,-0.143871083561164
51.5263701619371,-0.143679386580425
51.5263493046026,-0.143486664790973
51.5263389197731,-0.143432300793655
51.5263318731841,-0.143376571235409
51.5263056212027,-0.143251827272975
51.5263211107846,-0.143190958436654
51.5263446957525,-0.143078609463335
51.5263728853666,-0.142969035903727
51.5264184866715,-0.142754531873938
51.5264286166357,-0.142694871267765
51.5264422190357,-0.142637022445604
51.5264699157271,-0.142451639527255
51.5264838614876,-0.142369505720035
51.5265294212127,-0.142154918166555
51.5265652372096,-0.142011851528463
51.5265846552638,-0.141917581730295
51.5266084859946,-0.141825964389591
51.5266585468319,-0.141593448224825
51.5266607195718,-0.141584676153925
51.5266938567436,-0.14147232379813
51.5267187249375,-0.141350489266395
51.5267482320342,-0.141231359336903
51.526793270747,-0.141009980682934
51.5268084161264,-0.140915903348375
51.526828038051,-0.140823987887807
51.5268477037345,-0.140671863675105
51.5268489993342,-0.140663815902345
51.5269189867605,-0.140309251571025
51.5269443371664,-0.140186394973828
51.5269514679506,-0.140142855823285
51.5269613536662,-0.140100730480577
51.5269914070546,-0.139898995597585
51.5270152667677,-0.139753312934735
51.5270732831867,-0.139468597885155
51.5270999675649,-0.139303163016555
51.5271308071454,-0.139139605118886
51.5271393290447,-0.139059134050105
51.5271520742041,-0.138980118014616
51.5271656476193,-0.138810611538455
51.5271825032088,-0.138651446632615
51.5272526070756,-0.138535861596185
51.5273391802708,-0.138401240822021
51.5273621080116,-0.138355319919225
51.5273876790765,-0.138313159156902
51.5274602898917,-0.138158676010495
51.527535682839,-0.138007674992484
51.527554848953,-0.137957496870995
51.5275769307276,-0.137910516789578
51.5276369226316,-0.137742622692565
51.5276999462064,-0.137577622913394
51.5277150483822,-0.137523978984495
51.527733292586,-0.137472920526397
51.5277599704868,-0.137370259985775
51.5280105292825,-0.136633202764115
51.5283596377658,-0.135631742378476
51.5283873634964,-0.135538986607245
51.5284193064036,-0.135449804225769
51.5284312883925,-0.135403829488345
51.5284526804393,-0.135352350972247
51.5285811607071,-0.134996672551015
51.528605724993,-0.134917618756475
51.5286172276925,-0.134885050197615
51.5286407176912,-0.134821961548808
51.528644836638,-0.134806878672105
51.5287310931819,-0.134562653276861
51.5287423065205,-0.134525670966985
51.5287558742897,-0.134490786226895
51.5288110429676,-0.134298973757665
51.5288173307118,-0.134278236374215
51.5291122312917,-0.133453838318605
51.5291194334835,-0.133430412239775
51.529128228774,-0.133408436548597
51.5293320367952,-0.132821151465565
51.52946918106,-0.132429732734265
51.5294742979581,-0.132412709376615
51.52948060895,-0.132396755212924
51.5296850902471,-0.131800099485745
51.5297655120067,-0.131586353187315
51.5303505204491,-0.130148919106001
51.5303540368659,-0.130138965658555
51.5303582691669,-0.130129760359268
51.5304779543096,-0.129831987096195
51.5308897084488,-0.128812089255834
51.5308923100991,-0.128804661695495
51.5308954523242,-0.128797795448728
51.5310748447731,-0.12834928735482
51.5311231749152,-0.128209927982635
51.531175462642,-0.128074310424664
51.5311995406816,-0.127989728231815
51.5312277167384,-0.12790848291758
51.5312562803982,-0.127794484716715
51.5315111990276,-0.127162893355165
51.5316585569105,-0.126801593463785
51.5318396108224,-0.126362376219674
51.5318583860683,-0.126309952456705
51.5318801884689,-0.12626064897183
51.5319088600176,-0.126186333308025
51.5319434561992,-0.126127589797194
51.5319779446863,-0.126051928153775
51.5320160410029,-0.125980878898059
51.5320495042082,-0.125899788797345
51.5320854795388,-0.125848996971768
51.5320964409785,-0.125829085548675
51.532108723235,-0.125811277295244
51.5322004331545,-0.125640184066415
51.5322935415132,-0.125471053006358
51.5323028640367,-0.125449089902705
51.532313660905,-0.12542894735904
51.5323614854561,-0.125327479939163
51.5324193553157,-0.125187197103745
51.5324808291062,-0.125050933176188
51.5325339641834,-0.12491607872353
51.5325735364264,-0.124800125153305
51.5326173534331,-0.124688185352155
51.5326478312041,-0.124598247771038
51.5326535545626,-0.124578498683725
51.5326606480473,-0.124559933977622
51.5326849265568,-0.124473732654445
51.5326849711148,-0.124473602091586
51.5326850242558,-0.124473385772215
51.5327198240599,-0.124349828386455
51.5327804113748,-0.124140765093588
51.5327845497755,-0.124120018466135
51.5327901398251,-0.124100170885325
51.5328324672448,-0.123879798639905
51.5328762762106,-0.123660175561461
51.5328787643717,-0.123638758626725
51.5328827628208,-0.123617941217573
51.5329111159742,-0.123428942615285
51.5329119463215,-0.123421340126945
51.5329133452923,-0.123413956173633
51.5329390893864,-0.123172823843295
51.5329654084477,-0.122931851964939
51.5329656394857,-0.122924142055695
51.5329664516934,-0.122916534504042
51.5329754478535,-0.12278206512282
51.5329794965002,-0.122635241486805
51.5329883357336,-0.122488962232302
51.5329911583383,-0.122355555890095
51.5329928318843,-0.122306065395829
51.5329916075042,-0.122075303968025
51.5329919277288,-0.121844534719701
51.532988804898,-0.121761803072276
51.5329886972302,-0.121760408062845
51.5329886985694,-0.121759002296854
51.5329693695105,-0.121509986197275
51.5329501486244,-0.121260948532709
51.5329499330282,-0.121259586161105
51.5329498247545,-0.121258191272621
51.5329399393564,-0.121174192614369
51.5329073402689,-0.120968797424295
51.5328773197778,-0.120762388919418
51.5328507772919,-0.120620706520569
51.5328470586808,-0.120604598329565
51.532844536595,-0.120587901884242
51.5328340873534,-0.120533801618335
51.5328249417043,-0.120484694575746
51.5328190275657,-0.120458947986585
51.5328149410751,-0.120432299873548
51.5328002530643,-0.120357177993467
51.5327967930266,-0.120342724823305
51.5327944152889,-0.120327717413344
51.5327815784308,-0.120263787248995
51.5327692310043,-0.120201284016425
51.5327565520966,-0.120136785811055
51.5327382954472,-0.120060874334975
51.5327321322695,-0.120023515053988
51.5327250371977,-0.119995360405275
51.5327158429956,-0.11994642794246
51.5327037697721,-0.119894260853648
51.5326617503481,-0.119742598438765
51.5326433404075,-0.119666049575219
51.5326381529879,-0.119650586671755
51.5326142535092,-0.119555748811721
51.5326019040579,-0.119514412880733
51.5325854290635,-0.119467128924465
51.5325760367786,-0.1194332289688
51.5325729230552,-0.119424966559945
51.5325642548821,-0.119393638918207
51.5325443958941,-0.119332520693225
51.5325251601642,-0.119281421488005
51.5325090591871,-0.119227594111941
51.5325001064611,-0.119201928029748
51.5324747696317,-0.119138923521835
51.53246414579,-0.119105174174175
51.5324368492009,-0.119040219943055
51.5324056435911,-0.118952775799564
51.5323948857221,-0.118926590234243
51.5323661468676,-0.118865376050415
51.5323588196203,-0.118845443245962
51.5323463433461,-0.118819568846605
51.5323296630347,-0.118778090301765
51.5323145934121,-0.118749303347815
51.5323070739902,-0.118731410333225
51.5322911877574,-0.118692977076751
51.5322887796941,-0.118687877716985
51.5322883988352,-0.118686971435386
51.532285404037,-0.118680729362695
51.5322818817255,-0.118673270449978
51.5322813535664,-0.118672286946635
51.5322795621986,-0.11866855318976
51.5322656250762,-0.118642998375375
51.5322347725187,-0.118585546749875
51.5322279758404,-0.118571069724785
51.5322157137618,-0.118543025280739
51.5322143209378,-0.118540230797274
51.5322094966584,-0.118531708794735
51.532205760819,-0.118523751401502
51.5321956846872,-0.118507119611955
51.5321664815184,-0.118446555500768
51.5321405502406,-0.118399240396288
51.5320977467885,-0.118330386349305
51.5320767260917,-0.118291242975065
51.5320581536396,-0.118264364076605
51.5320030164287,-0.118166965186214
51.5319939982601,-0.118154584983275
51.5320412208994,-0.118098743718935
51.5320661919403,-0.118069232019495
51.5320717080801,-0.118062883423615
51.5320781084583,-0.118055574303687
51.532082562541,-0.118049778255665
51.5320874195818,-0.118044889543813
51.5322083477345,-0.117905448266898
51.532213562591,-0.117898598448895
51.5322192511353,-0.117892804080358
51.5323755418572,-0.117710530748083
51.5323842361793,-0.117698984578595
51.5323937074916,-0.117689143677373
51.5324421574091,-0.117631561019215
51.5325669790159,-0.117486367957493
51.5325779521407,-0.117471832291955
51.5325898851027,-0.117459403496415
51.532778753536,-0.117234411520587
51.5328299994291,-0.117164941589395
51.5328842242814,-0.11710158351452
51.5329498867147,-0.117002420048855
51.5330187599875,-0.116909054098182
51.5330641853558,-0.116829806138515
51.5331130426175,-0.116756021858017
51.5331704556585,-0.116644409630145
51.5332315061818,-0.116537902416393
51.5332703945213,-0.116450126259705
51.5333131136313,-0.116367079360387
51.5333613717206,-0.116244778615505
51.5334136365823,-0.116126809868232
51.5334453745052,-0.116031889889745
51.5334812816858,-0.115940890121599
51.5335196236432,-0.115809829781735
51.5335622785009,-0.115682260054352
51.533586365397,-0.115581693360975
51.5336148943038,-0.11548417595535
51.5336427153516,-0.115346423172385
51.533675087428,-0.115211264509119
51.5336911433659,-0.115106637316715
51.5337118440228,-0.115004140347188
51.5337287053269,-0.114861867902225
51.533750284028,-0.114721252079402
51.5337580557538,-0.114614214638535
51.5337706016474,-0.114508354798587
51.533813120474,-0.113966250716245
51.5340282425149,-0.111606382176415
51.5341176187558,-0.110799858374625
51.534156008577,-0.110508874312301
51.5341607857161,-0.110456704669295
51.534168761594,-0.110405555389979
51.5341836323305,-0.110207203939465
51.5342017316262,-0.110009547191464
51.5342024035572,-0.109956826290195
51.5342063285488,-0.109904473282684
51.534317034268,-0.106790439510174
51.5343169959629,-0.106779763007865
51.5343177553991,-0.106769156300995
51.5343160907251,-0.106527452607125
51.5343152235034,-0.106285738125689
51.5343143530778,-0.106275153481505
51.5343142795493,-0.106264477455705
51.5343025128807,-0.106009004587841
51.5342822935424,-0.105772787002855
51.5342630939587,-0.105536349623172
51.5342262782655,-0.105232939478052
51.5341971254455,-0.105053507976775
51.5341717114149,-0.10487261317481
51.534146555862,-0.10473456184098
51.5341414018622,-0.104711707401835
51.5341378924905,-0.10468806107283
51.5341265958487,-0.104628732327696
51.5341246349488,-0.104620354338855
51.5341233186529,-0.104611656617457
51.5341007560657,-0.104495016604546
51.5340759654501,-0.104390510967525
51.5340557846838,-0.10428347251591
51.5340200863251,-0.104154950720245
51.5339888888052,-0.10402343657265
51.5339561456424,-0.103924750463705
51.5339277785377,-0.103822622764742
51.5338823411895,-0.103702307862985
51.5338411358954,-0.1035781173508
51.5338009566393,-0.103486807298605
51.5337648506318,-0.10339120113072
51.5337172866648,-0.103294945606935
51.5337102338889,-0.103277262493482
51.5337005376334,-0.103258598377845
51.5336598278264,-0.103166082613231
51.5336128461818,-0.103083588690735
51.5335695707941,-0.102996011993955
51.5335505944114,-0.102962206356752
51.5335286521593,-0.102927739690355
51.5335089872663,-0.102889887156719
51.533418399022,-0.102736253293212
51.533371292309,-0.102665803447635
51.5333664815279,-0.102656835889874
51.5333376186581,-0.102609413354945
51.5333158173737,-0.102572072947126
51.5333109519312,-0.102565599146455
51.5332164544736,-0.102410337073475
51.5332223814547,-0.102328700365275
51.5332381105386,-0.102177276676647
51.5332405618062,-0.102078288897475
51.5332477057068,-0.101979890654181
NaN,NaN
